,study ID,vaccine,dose,VE,LCL,UCL,days_since_first_dose,population_category,outcome_category,variant_sequenced,time_sup,time_inf
0,1,Pfizer,1,75.0,72,84.0,28,HCW,infection,,28,28
1,1,Pfizer,1,85.0,71,92.0,28,HCW,symptomatic,,28,28
3,2,Pfizer,2,88.0,84,90.0,7,> 80 years,symptomatic,,7,7
4,3,Pfizer,1,46.0,40,51.0,17,general pop,infection,,21,14
6,3,Pfizer,1,57.0,50,63.0,17,general pop,symptomatic,,21,14
8,3,Pfizer,1,74.0,56,86.0,17,general pop,severe,,21,14
10,3,Pfizer,1,62.0,39,80.0,17,general pop,severe,,21,14
18,6,Pfizer,1,79.0,63,88.0,10,pre-surgical hospital patients,asymptomatic,,10,10
22,7,Pfizer,1,63.0,33,79.0,21,LTCF residents,infection,,21,21
23,7,Pfizer,1,60.0,30,77.0,21,LTCF residents,infection,,21,21
24,8,Pfizer,1,91.0,89,93.0,35,general pop,infection,,35,35
25,8,Pfizer,1,99.0,95,99.0,35,general pop,symptomatic,,35,35
30,9,AZD1222 (AstraZeneca),1,35.0,4,56.0,17,> 70 years,severe,,21,14
31,10,Pfizer,1,65.0,29,83.0,41,LTCF residents,infection,,48,35
32,10,AZD1222 (AstraZeneca),1,68.0,34,85.0,41,LTCF residents,infection,,48,35
35,12,Pfizer,1,82.0,68,90.0,14,HCW,infection,,14,14
47,15,Pfizer,1,78.0,73,82.0,25,general pop,infection,,28,22
48,15,AZD1222 (AstraZeneca),1,74.0,65,81.0,25,general pop,infection,,28,22
51,17,Pfizer,1,55.0,40,66.0,24,80-83 years,infection,,27,21
52,17,Pfizer,2,70.0,55,80.0,38,80-83 years,infection,,41,35
53,17,Pfizer,1,50.0,19,69.0,24,80-83 years,severe,,27,21
54,17,Pfizer,2,75.0,52,87.0,38,80-83 years,severe,,41,35
55,17,Pfizer,1,58.0,31,74.0,38,80-83 years,symptomatic,,41,35
56,17,Pfizer,2,79.0,60,90.0,38,80-83 years,symptomatic,,41,35
59,19,Pfizer,1,91.0,85,94.0,31,general pop,severe,,34,28
60,19,AZD1222 (AstraZeneca),1,88.0,75,94.0,31,general pop,severe,,34,28
69,21,Pfizer,1,65.9,65.4,66.4,28,general pop,infection,,28,28
71,21,Pfizer,1,74.9,73.5,76.3,28,general pop,severe,,28,28
73,21,Pfizer,1,72.1,69.9,74.1,28,general pop,severe,,28,28
75,21,Pfizer,1,69.1,65.5,72.3,28,general pop,death,,28,28
77,22,Pfizer,1,64.0,28,82.0,28,≥ 65 years,severe,,28,28
80,24,Pfizer,1,84.0,40,96.0,17,HCW,infection,,21,14
82,24,Pfizer,1,83.0,15,97.0,17,HCW,symptomatic,,21,14
91,27,Pfizer,1,65.5,58.2,71.5,18,general pop,infection,alpha,21,15
93,27,Pfizer,1,72.0,32,90.0,18,general pop,severe,alpha,21,15
95,27,Pfizer,1,46.5,38.7,53.3,18,general pop,infection,beta,21,15
97,27,Pfizer,1,56.5,0,82.8,18,general pop,severe,beta,21,15
101,28,Pfizer,1,89.0,83,94.0,14,HCW,symptomatic,,14,14
103,28,Pfizer,1,36.0,-51,69.0,14,HCW,asymptomatic,,14,14
106,29,Pfizer,1,61.0,51,69.0,31,> 70 years,symptomatic,,31,31
107,29,AZD1222 (AstraZeneca),1,60.0,41,73.0,312,> 70 years,symptomatic,,342,282
108,30,Pfizer,1,82.0,74,87.0,21,HCW,symptomatic,,21,21
150,36,Pfizer,1,-1.0,-50,32.0,21,general pop,infection,,21,21
152,36,Pfizer,1,9.0,-114,61.0,21,general pop,severe,,21,21
154,37,Pfizer,1,44.4,30.4,55.6,28,HCW,infection,,28,28
155,37,Pfizer,1,63.0,56.3,68.7,84,HCW,infection,,84,84
156,38,Pfizer,1,80.0,60,90.0,28,HCW,infection,,28,28
158,38,Moderna,1,83.0,40,95.0,28,HCW,infection,,28,28
293,51,Pfizer,1,75.4,60.4,84.7,28,general pop,severe,,28,28
310,53,Pfizer,1,54.0,33,69.0,21,pregnant persons,infection,,21,21
311,53,Pfizer,1,78.0,57,89.0,28,pregnant persons,infection,,28,28
313,55,Pfizer,1,64.8,10.9,86.1,28,patients with cirrhosis,infection,,28,28
315,55,Pfizer,1,100.0,99.3,100.0,28,patients with cirrhosis,severe,,28,28
317,55,Pfizer,1,100.0,99.3,100.0,28,patients with cirrhosis,death,,28,28
319,56,Pfizer,1,64.1,50.1,74.1,59,16-64 years,symptomatic,,90,28
321,56,Pfizer,1,57.7,49.7,64.3,59,≥ 65 years,symptomatic,,90,28
323,56,Pfizer,1,24.3,-5.9,46.0,59,"immunocompromised, ≥ 16 years",symptomatic,,90,28
325,56,AZD1222 (AstraZeneca),1,65.3,56.2,72.5,59,16-64 years,symptomatic,,90,28
327,56,AZD1222 (AstraZeneca),1,59.8,49.2,68.2,59,≥ 65 years,symptomatic,,90,28
329,56,AZD1222 (AstraZeneca),1,22.5,-15.2,47.9,59,"immunocompromised, ≥ 16 years",symptomatic,,90,28
331,57,Pfizer,1,62.7,61.5,63.8,17,HHC of cases,infection,,17,17
332,57,Pfizer,2,89.4,88.7,90.0,50,HHC of cases,infection,,90,10
334,57,Pfizer,1,72.1,66.7,75.6,17,HHC of cases,infection,,17,17
335,57,Pfizer,2,72.0,65.9,77.0,50,HHC of cases,infection,,90,10
339,59,Pfizer,1,67.0,40,84.0,17,pregnant persons,infection,,20,14
340,59,Pfizer,2,96.0,89,100.0,31,pregnant persons,infection,,56,7
341,59,Pfizer,1,71.0,33,94.0,24,pregnant persons,infection,,27,21
342,59,Pfizer,1,66.0,32,86.0,17,pregnant persons,symptomatic,,20,14
343,59,Pfizer,2,97.0,91,100.0,31,pregnant persons,symptomatic,,56,7
344,59,Pfizer,1,76.0,30,100.0,24,pregnant persons,symptomatic,,27,21
345,59,Pfizer,2,89.0,43,100.0,31,pregnant persons,severe,,56,7
361,63,Pfizer,1,75.0,55,87.0,28,general pop,symptomatic,,28,28
402,68,AZD1222 (AstraZeneca) & any mRNA - heterologous,1,39.0,23,52.0,17,general pop,infection,,20,14
409,70,Pfizer,1,55.0,13,76.0,28,LTCF residents,infection,beta,28,28
411,70,Pfizer,1,86.0,32,97.0,28,LTCF residents,severe,beta,28,28
420,72,Pfizer,1,16.0,-20,42.0,4,general pop,infection,,7,1
422,72,Pfizer,1,75.0,-30,97.4,4,general pop,severe,,7,1
424,72,Pfizer,1,100.0,-430,100.0,4,general pop,severe,,7,1
426,72,Moderna,1,-10.0,-50,24.0,4,general pop,infection,,7,1
428,72,Moderna,1,25.0,-150,79.0,4,general pop,severe,,7,1
430,72,Moderna,1,100.0,-430,100.0,4,general pop,severe,,7,1
475,77,Pfizer,2,85.0,82,88.0,67,general pop,severe,,120,14
478,77,Moderna,2,91.0,87,93.0,67,general pop,severe,,120,14
503,80,Pfizer,2,88.0,86,89.0,21,general pop,infection,,36,7
507,80,Pfizer,2,87.0,82,91.0,21,general pop,severe,,36,7
511,80,Pfizer,2,93.0,85,97.0,21,general pop,infection,delta,36,7
517,80,Pfizer,2,97.0,95,99.0,21,general pop,infection,non-delta,36,7
521,81,Pfizer,2,55.0,50,60.0,185,16-39 years,infection,,203,168
522,81,Pfizer,2,80.0,75,84.0,76,16-39 years,infection,,98,55
523,81,Pfizer,2,57.0,53,61.0,185,40-59 years,infection,,203,168
524,81,Pfizer,2,83.0,75,88.0,76,40-59 years,infection,,98,55
525,81,Pfizer,2,57.0,52,62.0,185,≥ 60 years,infection,,203,168
526,81,Pfizer,2,82.0,70,89.0,76,≥ 60 years,infection,,98,55
527,81,Pfizer,2,98.0,94,99.0,185,40-59 years,severe,,203,168
528,81,Pfizer,2,93.0,86,97.0,185,≥ 60 years,severe,,203,168
529,81,Pfizer,2,92.0,87,95.0,134,40-59 years,severe,,159,109
530,81,Pfizer,2,85.0,81,88.0,134,≥ 60 years,severe,,159,109
532,82,Pfizer,2,73.2,71.3,75.0,45,general pop,infection,,63,28
535,82,Pfizer,2,72.5,69.6,75.1,45,general pop,symptomatic,,63,28
538,82,Pfizer,2,66.9,61.9,71.3,45,general pop,asymptomatic,,63,28
541,82,Pfizer,2,96.8,93.9,98.3,45,general pop,severe,,63,28
544,82,Pfizer,2,88.6,79.2,93.7,45,general pop,infection,alpha,63,28
547,82,Pfizer,2,63.9,52.6,72.5,45,general pop,infection,beta,63,28
550,82,Pfizer,2,73.3,63.6,80.4,45,general pop,infection,delta,63,28
552,83,Pfizer,1,78.0,61,87.0,28,65-79 years,severe,,28,28
554,83,Pfizer,1,77.0,56,88.0,28,65-79 years,death,,28,28
556,83,Pfizer,1,55.0,36,69.0,28,≥ 80 years,severe,,28,28
558,83,Pfizer,1,56.0,35,70.0,28,≥ 80 years,death,,28,28
599,90,Pfizer,2,88.0,84,92.0,20,≥ 50 years,severe,,27,14
601,90,Pfizer,2,92.0,88,95.0,20,≥ 50 years,symptomatic,,27,14
603,91,Pfizer,1,71.0,33,94.0,24,pregnant persons,infection,,27,21
604,91,Pfizer,2,96.0,89,100.0,31,pregnant persons,infection,,56,7
605,91,Pfizer,1,76.0,30,100.0,24,pregnant persons,symptomatic,,27,21
606,91,Pfizer,2,97.0,91,100.0,31,pregnant persons,symptomatic,,56,7
607,91,Pfizer,2,89.0,43,100.0,31,pregnant persons,severe,,56,7
630,95,Pfizer,2,97.7,90.8,99.4,38,general pop,severe,alpha,63,14
635,95,AZD1222 (AstraZeneca),2,82.4,79.6,84.7,38,general pop,symptomatic,alpha,63,14
638,95,AZD1222 (AstraZeneca),2,95.1,86.7,98.2,38,general pop,severe,alpha,63,14
645,95,Pfizer,2,89.8,89.6,90.0,41,general pop,symptomatic,delta,69,14
649,95,Pfizer,2,98.4,97.9,98.8,41,general pop,severe,delta,69,14
653,95,Pfizer,2,98.2,95.9,99.2,41,general pop,death,delta,69,14
657,95,AZD1222 (AstraZeneca),2,66.7,66.3,67.0,41,general pop,symptomatic,delta,69,14
661,95,AZD1222 (AstraZeneca),2,95.2,94.6,95.6,41,general pop,severe,delta,69,14
665,95,AZD1222 (AstraZeneca),2,94.1,91.8,95.8,41,general pop,death,delta,69,14
669,95,Moderna,2,93.8,93.4,94.1,38,general pop,symptomatic,delta,63,14
670,95,Moderna,2,85.6,83.8,87.2,87,general pop,symptomatic,delta,104,70
672,95,Moderna,2,100.0,,,41,general pop,severe,delta,69,14
673,96,Pfizer,1,54.3,50.6,57.8,17,general pop,infection,,20,14
674,96,Pfizer,2,97.3,96.7,97.8,25,general pop,infection,,28,22
675,96,Pfizer,1,58.3,54.7,61.6,17,general pop,symptomatic,,20,14
676,96,Pfizer,2,97.9,97.4,98.3,25,general pop,symptomatic,,28,22
677,96,Pfizer,1,74.5,69.1,79.0,17,general pop,severe,,20,14
678,96,Pfizer,2,99.0,98.4,99.3,25,general pop,severe,,28,22
679,96,Pfizer,1,77.3,71.2,82.1,17,general pop,severe,,20,14
680,96,Pfizer,2,99.2,98.6,99.5,25,general pop,severe,,28,22
681,96,Pfizer,1,71.7,64.1,77.7,17,general pop,death,,20,14
682,96,Pfizer,2,98.6,97,99.3,25,general pop,death,,28,22
684,97,Pfizer,2,91.0,88,93.0,67,general pop,severe,,120,14
687,97,Moderna,2,93.0,90,95.0,67,general pop,severe,,120,14
692,98,Pfizer,1,55.0,48,61.0,17,50-69 years,infection,,20,14
696,98,Moderna,1,67.0,57,75.0,17,50-69 years,infection,,20,14
699,98,Pfizer,1,74.0,60,83.0,17,50-69 years,severe,,20,14
702,98,AZD1222 (AstraZeneca),1,25.0,10,37.0,17,50-69 years,infection,,20,14
705,98,AZD1222 (AstraZeneca),1,67.0,30,84.0,17,50-69 years,severe,,20,14
728,99,Pfizer,2,96.3,92.5,98.2,21,HCW,symptomatic,,28,15
729,99,Pfizer,2,80.7,61,90.4,91,HCW,symptomatic,,98,85
730,99,Pfizer,1,39.1,-45,74.4,21,immunocompromised HCW,symptomatic,,21,21
731,99,Pfizer,1,77.1,32.2,92.2,21,pregnant HCW,symptomatic,,21,21
732,99,Pfizer,1,77.6,70.9,82.7,21,HCW,symptomatic,,21,21
734,99,Moderna,1,88.9,78.7,94.2,21,HCW,symptomatic,,21,21
737,101,Pfizer,2,91.5,88.2,93.9,18,12-15 years,infection,,28,8
738,102,Pfizer,1,15.0,12,18.0,27,contacts of index cases,infection,alpha,27,27
742,102,Pfizer,1,33.0,31,35.0,14,contacts of index cases,infection,delta,14,14
798,104,Moderna,2,94.1,90.5,96.3,37,general pop,infection,delta,60,14
799,104,Moderna,2,80.0,70.2,86.6,165,general pop,infection,delta,180,151
801,104,Moderna,2,98.6,97.3,99.3,37,general pop,infection,non-delta,60,14
802,104,Moderna,2,88.7,73.2,95.2,135,general pop,infection,non-delta,150,121
862,109,Pfizer,2,56.0,53,59.0,137,general pop,infection,,137,137
863,109,Moderna,2,71.0,68,74.0,139,general pop,infection,,139,139
864,109,Janssen,1,27.0,17,37.0,158,general pop,infection,,158,158
874,112,Pfizer,2,92.0,92,93.0,22,general pop,symptomatic,,30,15
876,112,Moderna,2,96.0,94,97.0,22,general pop,symptomatic,,30,15
878,112,AZD1222 (AstraZeneca),2,68.0,52,79.0,22,general pop,symptomatic,,30,15
880,112,AZD1222 (AstraZeneca) & any mRNA - heterologous,2,89.0,79,94.0,22,general pop,symptomatic,,30,15
882,113,Pfizer,2,94.5,94.1,94.9,390,general pop,symptomatic,,750,30
883,113,Pfizer,2,67.8,65.9,69.7,480,general pop,symptomatic,,750,210
884,113,Pfizer,2,96.4,95.1,97.4,390,general pop,severe,,750,30
885,113,Pfizer,2,92.4,89.7,94.4,480,general pop,severe,,750,210
886,113,Pfizer,2,98.0,95.5,99.1,390,general pop,death,,750,30
887,113,Pfizer,2,95.5,92.2,97.4,480,general pop,death,,750,210
888,113,Moderna,2,95.9,95.5,96.2,30,general pop,symptomatic,,30,30
889,113,Moderna,2,77.8,75.9,79.6,210,general pop,symptomatic,,210,210
890,113,Moderna,2,97.2,96.1,98.0,30,general pop,severe,,30,30
891,113,Moderna,2,94.9,92.4,96.6,210,general pop,severe,,210,210
892,113,Moderna,2,98.6,97.3,99.3,30,general pop,death,,30,30
893,113,Moderna,2,96.0,92.8,97.8,210,general pop,death,,210,210
894,113,Janssen,1,71.4,68.3,74.2,60,general pop,symptomatic,,60,60
895,113,Janssen,1,64.0,60.3,67.4,180,general pop,symptomatic,,180,180
896,113,Janssen,1,85.8,74.9,91.9,60,general pop,severe,,60,60
897,113,Janssen,1,81.7,68.6,89.3,180,general pop,severe,,180,180
898,113,Janssen,1,82.2,46.3,94.1,60,general pop,death,,60,60
899,113,Janssen,1,71.2,40.8,86.0,180,general pop,death,,180,180
901,114,Pfizer,2,93.0,92,94.0,20,general pop,infection,,27,14
902,114,Pfizer,2,80.0,75,83.0,265,general pop,infection,,279,252
904,114,Pfizer,2,98.0,96,99.0,20,general pop,severe,,27,14
905,114,Pfizer,2,96.0,86,99.0,265,general pop,severe,,279,252
907,114,Moderna,2,95.0,94,96.0,20,general pop,infection,,27,14
908,114,Moderna,2,55.0,40,66.0,265,general pop,infection,,279,252
910,114,Moderna,2,99.0,95,100.0,20,general pop,severe,,27,14
911,114,Moderna,2,95.0,65,99.0,265,general pop,severe,,279,252
913,114,AZD1222 (AstraZeneca),2,77.0,57,87.0,20,general pop,infection,,27,14
914,114,AZD1222 (AstraZeneca),2,67.0,48,80.0,181,general pop,infection,,195,168
916,114,AZD1222 (AstraZeneca),2,97.0,71,97.0,41,general pop,severe,,55,28
917,114,AZD1222 (AstraZeneca),2,91.0,35,99.0,181,general pop,severe,,195,168
919,114,Any mRNA - heterologous,2,95.0,91,97.0,20,general pop,infection,,27,14
920,114,Any mRNA - heterologous,2,96.0,73,99.0,181,general pop,infection,,195,168
922,114,Any mRNA - heterologous,2,96.0,75,100.0,20,general pop,severe,,27,14
923,114,Any mRNA - heterologous,2,96.0,92,98.0,153,general pop,severe,,167,140
925,114,AZD1222 (AstraZeneca) & any mRNA - heterologous,2,94.0,89,97.0,20,general pop,infection,,27,14
926,114,AZD1222 (AstraZeneca) & any mRNA - heterologous,2,82.0,78,85.0,153,general pop,infection,,167,140
928,114,AZD1222 (AstraZeneca) & any mRNA - heterologous,2,93.0,48,99.0,20,general pop,severe,,27,14
929,114,AZD1222 (AstraZeneca) & any mRNA - heterologous,2,98.0,91,99.0,153,general pop,severe,,167,140
931,114,Pfizer,2,93.0,93,94.0,20,general pop,infection,delta,27,14
932,114,Pfizer,2,79.0,75,83.0,265,general pop,infection,delta,279,252
934,114,Pfizer,2,98.0,95,99.0,20,general pop,severe,delta,27,14
935,114,Pfizer,2,94.0,87,97.0,209,general pop,severe,delta,223,196
937,114,Moderna,2,95.0,94,96.0,20,general pop,infection,delta,27,14
938,114,Moderna,2,55.0,41,66.0,209,general pop,infection,delta,223,196
940,114,Moderna,2,98.0,94,100.0,20,general pop,severe,delta,27,14
941,114,Moderna,2,95.0,80,99.0,209,general pop,severe,delta,223,196
943,114,AZD1222 (AstraZeneca),2,70.0,39,86.0,20,general pop,infection,delta,27,14
944,114,AZD1222 (AstraZeneca),2,67.0,48,80.0,181,general pop,infection,delta,195,168
946,114,AZD1222 (AstraZeneca),2,89.0,67,97.0,41,general pop,severe,delta,55,28
947,114,AZD1222 (AstraZeneca),2,91.0,34,99.0,181,general pop,severe,delta,195,168
949,114,Any mRNA - heterologous,2,94.0,90,97.0,20,general pop,infection,delta,27,14
950,114,Any mRNA - heterologous,2,96.0,73,99.0,181,general pop,infection,delta,195,168
952,114,Any mRNA - heterologous,2,97.0,93,99.0,41,general pop,severe,delta,55,28
953,114,Any mRNA - heterologous,2,96.0,92,98.0,153,general pop,severe,delta,167,140
955,114,AZD1222 (AstraZeneca) & any mRNA - heterologous,2,94.0,88,97.0,20,general pop,infection,delta,27,14
956,114,AZD1222 (AstraZeneca) & any mRNA - heterologous,2,82.0,77,85.0,153,general pop,infection,delta,167,140
958,114,AZD1222 (AstraZeneca) & any mRNA - heterologous,2,91.0,33,99.0,20,general pop,severe,delta,27,14
959,114,AZD1222 (AstraZeneca) & any mRNA - heterologous,2,98.0,91,99.0,153,general pop,severe,delta,167,140
976,116,Pfizer,1,59.0,52,65.0,17,12-18 years,infection,,20,14
977,116,Pfizer,2,90.0,88,92.0,14,12-18 years,infection,,21,7
978,116,Pfizer,1,66.0,59,72.0,24,12-18 years,infection,,27,21
979,116,Pfizer,1,57.0,39,71.0,17,12-18 years,symptomatic,,20,14
980,116,Pfizer,2,93.0,88,97.0,14,12-18 years,symptomatic,,21,7
981,116,Pfizer,1,82.0,73,91.0,24,12-18 years,symptomatic,,27,21
1003,119,Pfizer,2,83.0,80,85.0,52,HCW aged 16-69 years,infection,,90,14
1006,119,Pfizer,2,99.0,97,100.0,52,HCW aged 16-69 years,severe,,90,14
1009,119,Moderna,2,84.0,68,92.0,52,HCW aged 16-69 years,infection,,90,14
1010,119,Moderna,2,69.0,-124,96.0,135,HCW aged 16-69 years,infection,,180,91
1012,119,Moderna,2,100.0,,,52,HCW aged 16-69 years,severe,,90,14
1014,119,Any mRNA - heterologous,2,100.0,,,52,HCW aged 16-69 years,infection,,90,14
1016,119,Any mRNA - heterologous,2,100.0,,,52,HCW aged 16-69 years,severe,,90,14
1019,119,AZD1222 (AstraZeneca),2,89.0,73,95.0,52,HCW aged 16-69 years,infection,,90,14
1020,119,AZD1222 (AstraZeneca),2,63.0,-166,95.0,135,HCW aged 16-69 years,infection,,180,91
1022,119,AZD1222 (AstraZeneca),2,100.0,,,52,HCW aged 16-69 years,severe,,90,14
1024,119,AZD1222 (AstraZeneca) & any mRNA - heterologous,2,80.0,72,86.0,52,HCW aged 16-69 years,infection,,90,14
1025,119,AZD1222 (AstraZeneca) & any mRNA - heterologous,2,62.0,30,79.0,135,HCW aged 16-69 years,infection,,180,91
1026,119,AZD1222 (AstraZeneca) & any mRNA - heterologous,2,100.0,,,52,HCW aged 16-69 years,severe,,90,14
1029,119,Any mRNA - homologous or heterologous,2,77.0,71,82.0,52,HCW aged 16-69 years,infection,,90,14
1030,119,Any mRNA - homologous or heterologous,2,55.0,34,69.0,135,HCW aged 16-69 years,infection,,180,91
1032,119,Any mRNA - homologous or heterologous,2,95.0,64,99.0,52,HCW aged 16-69 years,severe,,90,14
1033,119,Any mRNA - homologous or heterologous,2,100.0,,,135,HCW aged 16-69 years,severe,,180,91
1035,119,AZD1222 (AstraZeneca),2,100.0,,,52,HCW aged 16-69 years,infection,,90,14
1036,119,AZD1222 (AstraZeneca),2,100.0,,,135,HCW aged 16-69 years,infection,,180,91
1038,119,AZD1222 (AstraZeneca),2,100.0,,,52,HCW aged 16-69 years,severe,,90,14
1039,119,AZD1222 (AstraZeneca) & any mRNA - heterologous,2,100.0,,,52,HCW aged 16-69 years,infection,,90,14
1040,119,AZD1222 (AstraZeneca) & any mRNA - heterologous,2,100.0,,,135,HCW aged 16-69 years,infection,,180,91
1041,119,AZD1222 (AstraZeneca) & any mRNA - heterologous,2,100.0,,,52,HCW aged 16-69 years,severe,,90,14
1043,119,Any mRNA - homologous or heterologous,2,85.0,81,88.0,52,HCW aged 16-69 years,infection,,90,14
1046,119,Any mRNA - homologous or heterologous,2,100.0,97,100.0,52,HCW aged 16-69 years,severe,,90,14
1049,119,AZD1222 (AstraZeneca),2,88.0,71,95.0,52,HCW aged 16-69 years,infection,,90,14
1050,119,AZD1222 (AstraZeneca),2,62.0,-177,95.0,135,HCW aged 16-69 years,infection,,180,91
1052,119,AZD1222 (AstraZeneca),2,100.0,,,52,HCW aged 16-69 years,severe,,90,14
1054,119,AZD1222 (AstraZeneca) & any mRNA - heterologous,2,80.0,72,86.0,52,HCW aged 16-69 years,infection,,90,14
1055,119,AZD1222 (AstraZeneca) & any mRNA - heterologous,2,63.0,33,80.0,135,HCW aged 16-69 years,infection,,180,91
1056,119,AZD1222 (AstraZeneca) & any mRNA - heterologous,2,100.0,,,52,HCW aged 16-69 years,severe,,90,14
1078,125,Pfizer,1,59.0,42,71.0,24,HCW,infection,,27,21
1079,125,Pfizer,2,89.0,78,94.0,43,HCW,infection,,73,14
1080,125,Pfizer,2,53.0,28,69.0,229,HCW,infection,,265,194
1081,125,Pfizer,1,63.0,46,75.0,168,HCW,infection,,280,56
1082,125,Pfizer,2,85.0,72,92.0,43,HCW,infection,,73,14
1083,125,Pfizer,2,51.0,22,69.0,216,HCW,infection,,239,194
1084,125,AZD1222 (AstraZeneca),1,63.0,-80,92.0,24,HCW,infection,,27,21
1085,125,AZD1222 (AstraZeneca),2,58.0,23,77.0,43,HCW,infection,,73,14
1086,125,AZD1222 (AstraZeneca),1,9.0,-87,55.0,152,HCW,infection,,249,56
1087,125,AZD1222 (AstraZeneca),2,72.0,39,87.0,177,HCW,infection,,220,134
1113,130,Pfizer,2,65.8,64.4,67.2,21,general pop,symptomatic,omicron,28,14
1115,130,AZD1222 (AstraZeneca),2,49.8,40.7,57.5,21,general pop,symptomatic,omicron,28,14
1117,130,Moderna,2,76.0,72,79.0,21,general pop,symptomatic,omicron,28,14
1119,130,Pfizer,2,90.9,89.6,92.0,21,general pop,symptomatic,delta,28,14
1121,130,AZD1222 (AstraZeneca),2,82.8,74.5,88.4,21,general pop,symptomatic,delta,28,14
1123,130,Moderna,2,94.5,90.5,96.9,21,general pop,symptomatic,delta,28,14
1125,130,Pfizer,2,73.6,40.7,88.3,21,general pop,symptomatic,omicron,28,14
1127,130,AZD1222 (AstraZeneca),2,55.8,34.1,70.3,154,general pop,symptomatic,omicron,168,140
1129,130,Pfizer,2,94.1,81.6,98.1,21,general pop,symptomatic,delta,28,14
1131,130,AZD1222 (AstraZeneca),2,92.9,91.3,94.2,154,general pop,symptomatic,delta,168,140
1133,131,Pfizer,2,86.0,77.6,91.3,66,general pop,severe,,119,14
1135,131,Moderna,2,89.6,80.1,94.5,66,general pop,severe,,119,14
1137,132,Pfizer,1,49.6,43.9,54.8,17,12-15 years,symptomatic,omicron,20,14
1140,132,Pfizer,1,51.4,42.7,58.8,17,16-17 years,symptomatic,omicron,20,14
1141,132,Pfizer,2,71.3,69.3,73.1,24,16-17 years,symptomatic,omicron,34,14
1144,132,Pfizer,1,74.5,73.2,75.6,17,12-15 years,symptomatic,delta,20,14
1147,132,Pfizer,1,75.9,74.3,77.3,17,16-17 years,symptomatic,delta,20,14
1148,132,Pfizer,2,93.1,91.6,94.4,24,16-17 years,symptomatic,delta,34,14
1153,133,Pfizer,2,87.0,86,87.0,30,general pop,infection,,60,0
1154,133,Pfizer,2,53.0,52,54.0,225,general pop,infection,,240,210
1155,133,Pfizer,2,90.0,89,91.0,30,general pop,severe,,60,0
1156,133,Pfizer,2,75.0,73,76.0,225,general pop,severe,,240,210
1157,133,Pfizer,2,92.0,90,93.0,30,general pop,death,,60,0
1158,133,Pfizer,2,83.0,81,86.0,225,general pop,death,,240,210
1159,133,Moderna,2,90.0,89,91.0,30,general pop,infection,,60,0
1160,133,Moderna,2,65.0,63,67.0,225,general pop,infection,,240,210
1161,133,Moderna,2,94.0,92,96.0,30,general pop,severe,,60,0
1162,133,Moderna,2,81.0,78,84.0,225,general pop,severe,,240,210
1163,133,Moderna,2,96.0,91,98.0,30,general pop,death,,60,0
1164,133,Moderna,2,88.0,82,92.0,225,general pop,death,,240,210
1165,133,AZD1222 (AstraZeneca),2,83.0,80,85.0,30,general pop,infection,,60,0
1166,133,AZD1222 (AstraZeneca),2,55.0,54,56.0,165,general pop,infection,,180,150
1167,133,AZD1222 (AstraZeneca),2,87.0,81,91.0,30,general pop,severe,,60,0
1168,133,AZD1222 (AstraZeneca),2,70.0,68,72.0,165,general pop,severe,,180,150
1169,133,AZD1222 (AstraZeneca),2,93.0,77,98.0,30,general pop,death,,60,0
1170,133,AZD1222 (AstraZeneca),2,82.0,78,85.0,165,general pop,death,,180,150
1171,133,Janssen,1,68.0,66,70.0,30,general pop,infection,,60,0
1172,133,Janssen,1,67.0,65,69.0,165,general pop,infection,,180,150
1173,133,Janssen,1,68.0,60,75.0,60,general pop,severe,,60,60
1174,133,Janssen,1,67.0,62,72.0,165,general pop,severe,,180,150
1175,133,Janssen,1,68.0,42,82.0,60,general pop,death,,60,60
1176,133,Janssen,1,68.0,53,78.0,165,general pop,death,,180,150
1177,134,Pfizer,2,79.0,76,83.0,27,65-79 years,symptomatic,,41,14
1179,134,Pfizer,2,72.0,61,79.0,27,≥ 80 years,symptomatic,,41,14
1181,134,Pfizer,2,95.0,90,97.0,27,65-79 years,severe,,41,14
1183,134,Pfizer,2,83.0,68,91.0,27,≥ 80 years,severe,,41,14
1185,134,Pfizer,2,95.0,88,98.0,27,65-79 years,death,,41,14
1187,134,Pfizer,2,87.0,71,93.0,27,≥ 80 years,death,,41,14
1189,134,AZD1222 (AstraZeneca),2,95.0,90,97.0,27,65-79 years,symptomatic,,41,14
1194,135,Moderna,2,88.0,86.8,89.1,37,general pop,infection,,60,14
1195,135,Moderna,2,75.5,70.4,79.7,210,general pop,infection,,240,180
1197,135,Moderna,2,95.9,93.5,97.4,37,general pop,severe,,60,14
1198,135,Moderna,2,94.5,90.9,96.7,210,general pop,severe,,240,180
1201,136,Pfizer,2,94.5,90.7,96.7,28,males 65+,infection,,43,14
1202,136,Pfizer,2,87.9,85.9,89.5,88,males 65+,infection,,103,74
1203,136,Pfizer,2,92.1,87.2,95.1,28,males 65+,infection,,43,14
1204,136,Pfizer,2,67.3,63.2,70.9,148,males 65+,infection,,163,134
1205,136,Pfizer,2,62.0,45.6,73.5,28,males 65+,infection,,43,14
1206,136,Pfizer,2,24.8,18.8,30.4,238,males 65+,infection,,253,224
1248,141,Pfizer,2,85.0,83,86.0,21,general pop,infection,,36,7
1250,141,Pfizer,2,90.0,86,92.0,21,general pop,severe,,36,7
1262,144,Pfizer,2,55.2,23.5,73.7,29,general pop,infection,omicron,44,15
1263,144,Pfizer,2,-76.5,-95.3,-59.5,134,general pop,infection,omicron,164,105
1264,144,Moderna,2,36.7,-69.9,76.4,29,general pop,infection,omicron,44,15
1265,144,Moderna,2,-39.3,-61.6,-20.0,134,general pop,infection,omicron,164,105
1266,144,Pfizer,2,86.7,84.6,88.6,29,general pop,infection,delta,44,15
1267,144,Pfizer,2,53.8,52.9,54.6,134,general pop,infection,delta,164,105
1268,144,Moderna,2,88.2,83.1,91.8,29,general pop,infection,delta,44,15
1269,144,Moderna,2,65.0,63.6,66.3,134,general pop,infection,delta,164,105
1270,145,Pfizer,2,87.0,83,89.0,21,30-59 years,symptomatic,,29,14
1272,145,Pfizer,2,65.0,37,80.0,44,≥ 60 years,symptomatic,,59,30
1274,145,Moderna,2,98.0,93,100.0,21,30-59 years,symptomatic,,29,14
1275,145,Moderna,2,90.0,76,96.0,74,30-59 years,symptomatic,,89,60
1276,145,AZD1222 (AstraZeneca),2,72.0,52,83.0,21,30-59 years,symptomatic,,29,14
1277,145,AZD1222 (AstraZeneca),2,65.0,48,76.0,74,30-59 years,symptomatic,,89,60
1278,145,Janssen,1,50.0,36,62.0,44,30-59 years,symptomatic,,59,30
1279,145,Janssen,1,52.0,33,66.0,74,30-59 years,symptomatic,,89,60
1280,146,AZD1222 (AstraZeneca),2,83.7,79.7,87.0,20,general pop,severe,,27,14
1281,146,AZD1222 (AstraZeneca),2,53.6,48.4,58.3,146,general pop,severe,,153,140
1282,147,Pfizer,2,92.0,91.1,92.8,37,12-14 years,infection,,60,14
1283,147,Pfizer,2,89.8,80,93.8,37,16-18 years,infection,,60,14
1293,150,Pfizer,2,89.0,78,95.0,53,HCW,infection,,98,8
1299,154,Pfizer,2,36.0,24,45.0,33,general pop,symptomatic,omicron,59,7
1301,154,Pfizer,2,5.0,-25,30.0,33,general pop,infection,omicron,59,7
1303,154,Pfizer,2,89.0,86,92.0,33,general pop,symptomatic,,59,7
1305,154,Pfizer,2,82.0,81,83.0,33,general pop,infection,,59,7
1309,155,CoronaVac (Sinovac),2,40.5,36.4,44.3,52,general pop with prior SARS-CoV-2 infection,symptomatic,,90,14
1313,155,CoronaVac (Sinovac),2,86.6,79.8,90.3,52,general pop with prior SARS-CoV-2 infection,severe,,90,14
1317,155,AZD1222 (AstraZeneca),2,55.5,50.5,60.1,52,general pop with prior SARS-CoV-2 infection,symptomatic,,90,14
1321,155,AZD1222 (AstraZeneca),2,86.6,77.6,92.0,52,general pop with prior SARS-CoV-2 infection,severe,,90,14
1325,155,Pfizer,2,64.2,54.2,72.0,52,general pop with prior SARS-CoV-2 infection,symptomatic,,90,14
1329,155,Pfizer,2,88.8,50,97.5,52,general pop with prior SARS-CoV-2 infection,severe,,90,14
1332,155,Janssen,1,46.1,32.7,56.7,52,general pop with prior SARS-CoV-2 infection,symptomatic,,90,14
1335,155,Janssen,1,60.2,-10.8,85.7,52,general pop with prior SARS-CoV-2 infection,severe,,90,14
1343,157,Pfizer,2,85.0,84,86.0,51,12-16 years,infection,,89,14
1344,157,Pfizer,2,53.0,46,60.0,165,12-16 years,infection,,180,150
1345,157,Pfizer,2,90.0,89,91.0,51,12-16 years,symptomatic,,89,14
1346,157,Pfizer,2,66.0,59,72.0,165,12-16 years,symptomatic,,180,150
1347,157,Pfizer,2,84.0,82,85.0,51,12-16 years,infection,,89,14
1348,157,Pfizer,2,50.0,43,57.0,165,12-16 years,infection,,180,150
1354,159,Moderna,2,44.0,35.1,51.6,52,general pop,infection,omicron,90,14
1359,159,Moderna,2,80.2,68.2,87.7,52,general pop,infection,delta,90,14
1364,160,Pfizer,2,38.0,32,43.0,33,12-17 years,infection,,59,8
1367,160,Pfizer,2,74.0,26,91.0,33,12-17 years,severe,,59,8
1370,160,Pfizer,2,71.0,67,74.0,33,12-17 years,infection,,59,8
1373,160,Pfizer,2,76.0,62,85.0,33,12-17 years,severe,,59,8
1384,163,Pfizer,2,79.3,76.1,82.1,122,general pop,infection,,182,63
1385,163,Pfizer,2,90.8,89.4,92.1,52,general pop,infection,,91,14
1386,163,CoronaVac (Sinovac),2,30.4,18.8,40.3,122,general pop,infection,,182,63
1387,163,CoronaVac (Sinovac),2,74.5,70.6,78.0,52,general pop,infection,,91,14
1395,165,Pfizer,2,64.0,51,73.0,45,general pop,symptomatic,omicron,45,45
1398,165,Pfizer,2,68.0,48,80.0,45,general pop,severe,omicron,45,45
1401,165,Pfizer,2,78.0,69,85.0,45,general pop,symptomatic,delta,45,45
1404,166,Pfizer,2,78.0,55,89.0,45,general pop,severe,delta,45,45
1406,166,Pfizer,2,81.3,80.3,82.3,60,general pop,infection,,60,60
1407,166,Pfizer,2,57.8,55.4,60.2,240,general pop,infection,,240,240
1408,166,Pfizer,2,96.1,94.5,97.7,60,general pop,severe,,60,60
1409,166,Pfizer,2,90.3,86.2,94.4,240,general pop,severe,,240,240
1410,166,Pfizer,2,93.4,91.2,95.6,60,general pop,severe,,60,60
1411,166,Pfizer,2,83.7,75.1,92.3,240,general pop,severe,,240,240
1412,167,Pfizer,2,52.0,46,58.0,96,general pop,symptomatic,,179,14
1414,167,Pfizer,2,81.0,65,90.0,96,general pop,severe,,179,14
1416,167,Pfizer,2,86.0,85,87.0,96,general pop,symptomatic,,179,14
1418,167,Pfizer,2,90.0,89,90.0,96,general pop,severe,,179,14
1420,168,Pfizer,1,52.0,45,58.0,31,HCW,infection,,42,21
1421,168,Pfizer,2,86.0,74,91.0,24,HCW,infection,,35,14
1434,172,BBIBP-CorV (Beijing CNBG),2,73.0,71,76.0,137,general pop,severe,,273,1
1435,172,BBIBP-CorV (Beijing CNBG),2,88.0,84,91.0,15,general pop,severe,,30,1
1440,174,Pfizer,2,95.5,94.3,96.5,180,15-59 years,severe,,180,180
1442,174,Pfizer,2,92.0,91,92.9,180,60-79 years,severe,,180,180
1444,174,Pfizer,2,85.9,83.5,88.0,180,≥ 80 years,severe,,180,180
1446,174,Pfizer,2,93.8,91,95.7,180,15-59 years,death,,180,180
1448,174,Pfizer,2,89.4,87.9,90.8,180,60-79 years,death,,180,180
1450,174,Pfizer,2,84.0,82.2,85.6,180,≥ 80 years,death,,180,180
1452,174,Moderna,2,97.3,93.1,98.9,180,15-59 years,severe,,180,180
1454,174,Moderna,2,95.1,93,96.5,180,60-79 years,severe,,180,180
1456,174,Moderna,2,90.6,67,97.3,180,≥ 80 years,severe,,180,180
1458,174,Moderna,2,98.3,88.3,99.8,180,15-59 years,death,,180,180
1460,174,Moderna,2,96.2,93.6,97.7,180,60-79 years,death,,180,180
1462,174,Moderna,2,92.0,80,96.8,180,≥ 80 years,death,,180,180
1464,174,AZD1222 (AstraZeneca),2,92.4,84,96.4,180,15-59 years,severe,,180,180
1466,174,AZD1222 (AstraZeneca),2,90.3,87.4,92.5,180,60-79 years,severe,,180,180
1468,174,AZD1222 (AstraZeneca),2,92.4,72.7,97.9,180,≥ 80 years,severe,,180,180
1470,174,AZD1222 (AstraZeneca),2,94.5,77.2,98.7,180,15-59 years,death,,180,180
1472,174,AZD1222 (AstraZeneca),2,89.8,85.2,93.0,180,60-79 years,death,,180,180
1474,174,AZD1222 (AstraZeneca),2,83.4,69.6,90.9,180,≥ 80 years,death,,180,180
1476,174,Janssen,1,91.7,84.4,95.6,180,15-59 years,severe,,180,180
1478,174,Janssen,1,88.7,78.7,94.0,180,60-79 years,severe,,180,180
1480,174,Janssen,1,91.7,75.5,97.2,180,≥ 80 years,severe,,180,180
1482,174,Janssen,1,90.7,77.2,96.2,180,15-59 years,death,,180,180
1484,174,Janssen,1,84.3,67.9,92.3,180,60-79 years,death,,180,180
1486,174,Janssen,1,80.6,59.7,90.7,180,≥ 80 years,death,,180,180
1530,179,Pfizer,2,46.6,33.4,57.2,60,general pop,symptomatic,omicron BA.1,90,30
1532,179,Moderna,2,71.0,24,89.0,60,general pop,symptomatic,omicron BA.1,90,30
1534,179,Pfizer,2,51.7,43.2,58.9,60,general pop,symptomatic,omicron BA.2,90,30
1536,179,Moderna,2,35.9,-5.9,61.2,60,general pop,symptomatic,omicron BA.2,90,30
1538,179,Pfizer,2,51.7,43.2,58.9,60,general pop,symptomatic,omicron,90,30
1540,179,Moderna,2,43.2,15,62.1,60,general pop,symptomatic,omicron,90,30
1542,179,Pfizer,2,70.4,45,85.0,105,general pop,severe,omicron,180,30
1544,179,Moderna,2,87.1,40.2,97.2,105,general pop,severe,omicron,180,30
1546,180,CoronaVac (Sinovac),2,55.0,54.3,55.7,22,general pop,infection,,30,14
1548,180,CoronaVac (Sinovac),2,82.1,81.4,82.8,22,general pop,severe,,30,14
1550,180,CoronaVac (Sinovac),2,82.1,81.4,82.8,22,general pop,severe,,30,14
1552,180,CoronaVac (Sinovac),2,82.7,81.7,83.6,22,general pop,death,,30,14
1596,190,BBIBP-CorV (Beijing CNBG),2,82.0,-25.7,97.4,150,Contacts of index cases,symptomatic,,180,120
1604,190,CoronaVac (Sinovac),2,29.8,-41.1,65.1,150,Contacts of index cases,symptomatic,,180,120
1608,190,CoronaVac (Sinovac),2,47.4,-44.3,80.8,150,Contacts of index cases,severe,,180,120
1620,194,Pfizer,1,31.0,28,34.0,44,general pop,infection,,74,14
1621,194,Pfizer,2,49.0,48,50.0,44,general pop,infection,,74,14
1624,194,Pfizer,1,41.0,-3,66.0,44,general pop,severe,,74,14
1625,194,Pfizer,2,46.0,28,60.0,44,general pop,severe,,74,14
1628,194,Moderna,1,49.0,42,55.0,44,general pop,infection,,74,14
1629,194,Moderna,2,48.0,44,52.0,44,general pop,infection,,74,14
1632,194,Moderna,1,56.0,-78,89.0,44,general pop,severe,,74,14
1633,194,Moderna,2,51.0,-20,80.0,44,general pop,severe,,74,14
1636,194,AZD1222 (AstraZeneca),2,51.0,23,69.0,105,general pop,infection,,135,75
1638,194,AZD1222 (AstraZeneca),2,-139.0,-861,41.0,105,general pop,severe,,135,75
1640,194,Janssen,1,47.0,45,49.0,44,general pop,infection,,74,14
1642,194,Janssen,1,28.0,-22,57.0,44,general pop,severe,,74,14
1644,194,Pfizer,1,67.0,65,69.0,44,general pop,infection,,74,14
1645,194,Pfizer,2,82.0,81,83.0,44,general pop,infection,,74,14
1648,194,Pfizer,1,53.0,40,63.0,44,general pop,severe,,74,14
1649,194,Pfizer,2,80.0,72,85.0,44,general pop,severe,,74,14
1652,194,Moderna,1,68.0,61,74.0,44,general pop,infection,,74,14
1653,194,Moderna,2,71.0,65,76.0,44,general pop,infection,,74,14
1656,194,Moderna,1,49.0,13,71.0,44,general pop,severe,,74,14
1657,194,Moderna,2,100.0,,,44,general pop,severe,,74,14
1660,194,AZD1222 (AstraZeneca),2,65.0,57,72.0,105,general pop,infection,,135,75
1662,194,AZD1222 (AstraZeneca),2,80.0,62,89.0,105,general pop,severe,,135,75
1664,194,Janssen,1,60.0,57,63.0,44,general pop,infection,,74,14
1666,194,Janssen,1,54.0,39,65.0,44,general pop,severe,,74,14
1668,195,Pfizer,2,51.0,30,65.0,40,5-11 years,symptomatic,,67,14
1669,195,Pfizer,2,45.0,30,57.0,81,12-15 years,symptomatic,,149,14
1671,195,Pfizer,2,34.0,8,53.0,81,16-17 years,symptomatic,,149,14
1673,195,Pfizer,2,92.0,89,94.0,81,12-15 years,symptomatic,,149,14
1675,195,Pfizer,2,85.0,81,89.0,81,16-17 years,symptomatic,,149,14
1677,195,Pfizer,2,74.0,-35,95.0,40,5-11 years,severe,,67,14
1678,195,Pfizer,2,92.0,79,97.0,81,12-15 years,severe,,149,14
1680,195,Pfizer,2,94.0,87,97.0,81,16-17 years,severe,,149,14
1685,197,Pfizer,1,19.0,9,28.0,17,≥ 50 years,infection,,20,14
1688,197,Pfizer,1,69.0,43,83.0,17,≥ 50 years,severe,,20,14
1691,197,AZD1222 (AstraZeneca),1,7.0,-5,19.0,17,≥ 50 years,infection,,20,14
1694,197,AZD1222 (AstraZeneca),1,48.0,26,64.0,17,≥ 50 years,severe,,20,14
1706,199,Pfizer,2,91.0,33,99.0,17,12-18 years,infection,,28,7
1707,199,Pfizer,2,83.0,34,95.0,105,12-18 years,infection,,119,91
1713,201,Pfizer,2,31.0,9,48.0,48,5-11 years,infection,omicron,82,14
1715,201,Pfizer,2,59.0,22,79.0,81,12-15 years,infection,omicron,149,14
1718,201,Pfizer,2,87.0,49,97.0,81,12-15 years,infection,delta,149,14
1721,202,Pfizer,2,25.5,-57.5,64.7,48,LTCF residents,infection,,83,14
1724,202,Pfizer,2,88.8,16.8,98.5,48,LTCF residents,severe,,83,14
1727,202,Pfizer,2,100.0,,,48,LTCF residents,death,,83,14
1730,202,AZD1222 (AstraZeneca),2,62.1,12.1,83.6,48,LTCF residents,infection,,83,14
1733,202,AZD1222 (AstraZeneca),2,82.7,46.4,94.4,48,LTCF residents,severe,,83,14
1736,202,AZD1222 (AstraZeneca),2,91.7,65.1,98.0,48,LTCF residents,death,,83,14
1739,202,Pfizer,2,60.7,44.2,72.4,48,LTCF staff,infection,,83,14
1742,202,Pfizer,2,100.0,,,48,LTCF staff,severe,,83,14
1745,202,AZD1222 (AstraZeneca),2,29.0,-10.3,54.3,48,LTCF staff,infection,,83,14
1748,202,AZD1222 (AstraZeneca),2,100.0,,,48,LTCF staff,severe,,83,14
1750,203,Pfizer,1,61.0,49,71.0,52,≥ 70 years,severe,,83,21
1752,203,Pfizer,2,93.0,89,95.0,52,≥ 70 years,severe,,90,14
1754,203,Pfizer,1,84.0,63,93.0,52,≥ 70 years,severe,,83,21
1756,203,Pfizer,2,98.0,92,99.0,52,≥ 70 years,severe,,90,14
1758,203,Moderna,1,70.0,43,84.0,52,≥ 70 years,severe,,83,21
1760,203,Moderna,2,93.0,82,97.0,52,≥ 70 years,severe,,90,14
1762,203,Moderna,1,70.0,-29,93.0,52,≥ 70 years,severe,,83,21
1764,203,Moderna,2,100.0,,,52,≥ 70 years,severe,,90,14
1766,203,AZD1222 (AstraZeneca),1,68.0,-3,90.0,52,≥ 70 years,severe,,83,21
1768,203,AZD1222 (AstraZeneca),2,81.0,49,93.0,52,≥ 70 years,severe,,90,14
1770,203,AZD1222 (AstraZeneca),1,68.0,-151,96.0,52,≥ 70 years,severe,,83,21
1772,203,AZD1222 (AstraZeneca),2,78.0,2,95.0,52,≥ 70 years,severe,,90,14
1774,203,Pfizer,1,53.0,-16,81.0,52,≥ 70 years,severe,,83,21
1776,203,Pfizer,2,90.0,78,96.0,52,≥ 70 years,severe,,90,14
1778,203,Moderna,1,60.0,-189,94.0,52,≥ 70 years,severe,,83,21
1780,203,Moderna,2,92.0,42,99.0,52,≥ 70 years,severe,,90,14
1783,203,AZD1222 (AstraZeneca),2,79.0,67,87.0,135,≥ 70 years,severe,,180,91
1785,203,Pfizer,1,22.0,-38,56.0,52,≥ 70 years,severe,,83,21
1787,203,Pfizer,2,91.0,83,95.0,52,≥ 70 years,severe,,90,14
1789,203,Moderna,1,81.0,-33,97.0,52,≥ 70 years,severe,,83,21
1791,203,Moderna,2,79.0,43,92.0,52,≥ 70 years,severe,,90,14
1794,203,AZD1222 (AstraZeneca),2,37.0,-154,85.0,135,≥ 70 years,severe,,180,91
1836,208,Pfizer,1,31.0,14,45.0,49,general pop,infection,,84,14
1837,208,Pfizer,1,75.0,45,91.0,49,general pop,severe,,84,14
1838,208,Pfizer,1,86.0,42,98.0,49,general pop,death,,84,14
1839,208,AZD1222 (AstraZeneca),1,15.0,-5,31.0,49,general pop,infection,,84,14
1840,208,AZD1222 (AstraZeneca),1,75.0,45,91.0,49,general pop,severe,,84,14
1841,208,AZD1222 (AstraZeneca),1,86.0,42,98.0,49,general pop,death,,84,14
1842,209,Pfizer,2,76.0,75,77.0,31,18-39 years,infection,,42,21
1843,209,Pfizer,2,-53.0,-118,-7.0,171,18-39 years,infection,,182,161
1844,209,Pfizer,2,96.0,94,98.0,31,18-39 years,severe,,42,21
1845,209,Pfizer,2,82.0,71,90.0,143,18-39 years,severe,,154,133
1846,209,Pfizer,2,73.0,69,77.0,31,40-64 years,infection,,42,21
1847,209,Pfizer,2,-3.0,-15,7.0,171,40-64 years,infection,,182,161
1848,209,AZD1222 (AstraZeneca),2,21.0,18,24.0,31,40-64 years,infection,,42,21
1849,209,AZD1222 (AstraZeneca),2,-99.0,-105,-94.0,171,40-64 years,infection,,182,161
1850,209,AZD1222 (AstraZeneca),2,95.0,93,96.0,31,40-64 years,severe,,42,21
1851,209,AZD1222 (AstraZeneca),2,86.0,83,88.0,171,40-64 years,severe,,182,161
1852,209,AZD1222 (AstraZeneca),2,55.0,-5,81.0,115,40-64 years,death,,126,105
1853,209,AZD1222 (AstraZeneca),2,41.0,-7,68.0,171,40-64 years,death,,182,161
1854,209,Pfizer,2,34.0,30,39.0,31,clinically vulnerable 16-64 years,infection,,42,21
1855,209,Pfizer,2,4.0,-1,8.0,171,clinically vulnerable 16-64 years,infection,,182,161
1856,209,Pfizer,2,95.0,94,97.0,59,clinically vulnerable 16-64 years,severe,,70,49
1857,209,Pfizer,2,91.0,88,93.0,171,clinically vulnerable 16-64 years,severe,,182,161
1858,209,Pfizer,2,96.0,91,98.0,87,clinically vulnerable 16-64 years,death,,98,77
1859,209,Pfizer,2,92.0,86,96.0,171,clinically vulnerable 16-64 years,death,,182,161
1860,209,AZD1222 (AstraZeneca),2,34.0,30,39.0,31,clinically vulnerable 16-64 years,infection,,42,21
1861,209,AZD1222 (AstraZeneca),2,-45.0,-50,-40.0,171,clinically vulnerable 16-64 years,infection,,182,161
1862,209,AZD1222 (AstraZeneca),2,92.0,88,95.0,31,clinically vulnerable 16-64 years,severe,,42,21
1863,209,AZD1222 (AstraZeneca),2,75.0,71,78.0,171,clinically vulnerable 16-64 years,severe,,182,161
1864,209,AZD1222 (AstraZeneca),2,92.0,88,95.0,87,clinically vulnerable 16-64 years,death,,98,77
1865,209,AZD1222 (AstraZeneca),2,87.0,81,92.0,171,clinically vulnerable 16-64 years,death,,182,161
1866,209,Pfizer,2,81.0,74,86.0,31,≥ 65 years,infection,,42,21
1867,209,Pfizer,2,15.0,8,22.0,171,≥ 65 years,infection,,182,161
1868,209,Pfizer,2,91.0,86,95.0,31,≥ 65 years,severe,,42,21
1869,209,Pfizer,2,80.0,76,82.0,171,≥ 65 years,severe,,182,161
1870,209,Pfizer,2,98.0,93,99.0,31,≥ 65 years,death,,42,21
1871,209,Pfizer,2,88.0,84,91.0,171,≥ 65 years,death,,182,161
1872,209,AZD1222 (AstraZeneca),2,53.0,41,62.0,31,≥ 65 years,infection,,42,21
1873,209,AZD1222 (AstraZeneca),2,-21.0,-30,-13.0,171,≥ 65 years,infection,,182,161
1874,209,AZD1222 (AstraZeneca),2,88.0,85,90.0,31,≥ 65 years,severe,,42,21
1875,209,AZD1222 (AstraZeneca),2,75.0,71,79.0,171,≥ 65 years,severe,,182,161
1876,209,AZD1222 (AstraZeneca),2,90.0,84,94.0,31,≥ 65 years,death,,42,21
1877,209,AZD1222 (AstraZeneca),2,83.0,77,88.0,171,≥ 65 years,death,,182,161
1879,210,Pfizer,2,73.8,62.5,81.7,94,18-64 years,severe,,174,14
1881,210,Pfizer,1,54.8,-25.3,83.7,13,≥ 65 years,severe,,27,0
1882,210,Pfizer,2,87.6,79.4,92.5,94,≥ 65 years,severe,,174,14
1886,210,AZD1222 (AstraZeneca),2,59.0,31.9,75.3,94,18-64 years,severe,,174,14
1889,210,AZD1222 (AstraZeneca),2,71.2,50,83.4,94,≥ 65 years,severe,,174,14
1893,211,Pfizer,2,92.0,90,94.0,82,general pop,severe,,150,14
1895,212,Pfizer,1,16.2,-2.4,31.3,34,12-15 years,infection,,48,21
1897,212,Pfizer,1,68.9,64.3,72.9,34,12-15 years,infection,,48,21
1899,212,Pfizer,1,-33.7,-88.3,5.1,34,16-17 years,infection,,48,21
1900,212,Pfizer,2,53.1,42.6,61.7,20,16-17 years,infection,,34,7
1903,212,Pfizer,1,63.3,56.5,69.0,34,16-17 years,infection,,48,21
1904,212,Pfizer,2,89.9,82.8,94.1,20,16-17 years,infection,,34,7
1907,213,Pfizer,2,26.0,22,30.0,96,general pop,infection,,179,14
1909,213,Pfizer,2,70.0,68,72.0,96,general pop,infection,,179,14
1913,215,Pfizer,2,37.0,35.6,38.3,22,general pop,infection,,30,14
1915,215,Pfizer,2,50.5,33.9,63.0,22,general pop,severe,,30,14
1917,215,Moderna,2,37.9,34.4,41.2,22,general pop,infection,,30,14
1920,216,Pfizer,2,43.0,-1,68.0,87,12-18 years,severe,,160,14
1921,216,Pfizer,2,38.0,-3,62.0,237,12-18 years,severe,,314,161
1924,216,Pfizer,2,93.0,89,95.0,87,12-18 years,severe,,160,14
1925,216,Pfizer,2,92.0,80,97.0,237,12-18 years,severe,,314,161
1929,218,Pfizer,2,77.7,76.8,78.5,38,general pop,infection,,63,14
1932,218,Pfizer,2,97.5,95.6,98.6,38,general pop,severe,,63,14
1935,218,Moderna,2,86.6,85.6,87.6,38,general pop,infection,,63,14
1938,218,Moderna,2,95.3,91.5,97.4,150,general pop,severe,,175,126
1939,218,Moderna,2,91.1,84.9,94.8,206,general pop,severe,,231,182
1940,218,Pfizer,2,84.1,83.2,85.0,38,general pop,infection,,63,14
1941,218,Pfizer,2,40.7,23.9,53.8,150,general pop,infection,,175,126
1942,219,Pfizer,1,67.7,64.6,70.6,17,general pop,infection,,20,14
1946,221,CoronaVac (Sinovac),2,28.1,26.5,29.6,36,general pop,symptomatic,,59,14
1948,221,CoronaVac (Sinovac),2,56.1,40.6,67.5,36,general pop,severe,,59,14
1950,221,CoronaVac (Sinovac),2,51.3,49.9,52.7,36,general pop,symptomatic,,59,14
1952,221,CoronaVac (Sinovac),2,86.5,83.4,88.9,36,general pop,severe,,59,14
1954,222,Pfizer,2,64.7,63,66.3,20,12-17 years,symptomatic,,27,14
1956,222,Pfizer,2,75.6,58.1,85.8,20,12-17 years,severe,,27,14
1958,222,Pfizer,2,80.7,77.8,83.3,20,12-17 years,symptomatic,,27,14
1959,222,Pfizer,2,26.6,4.1,43.9,62,12-17 years,symptomatic,,69,56
1960,222,Pfizer,2,82.6,80.6,84.5,20,12-17 years,symptomatic,,27,14
1962,222,Pfizer,2,92.8,85.7,96.4,20,12-17 years,symptomatic,,27,14
1963,222,Pfizer,2,86.5,72.2,93.4,62,12-17 years,symptomatic,,69,56
1977,226,Pfizer,2,51.0,38,61.0,33,12-17 years,symptomatic,omicron,59,7
1979,226,Pfizer,2,76.0,-10,95.0,33,12-17 years,severe,omicron,59,7
1981,226,Pfizer,2,97.0,94,99.0,33,12-17 years,symptomatic,delta,59,7
1983,227,Pfizer,2,45.0,14,66.0,81,general pop,symptomatic,omicron,149,14
1985,227,Pfizer,2,89.0,78,94.0,81,general pop,symptomatic,delta,149,14
1987,228,Pfizer,1,62.0,59,65.0,10,12-17 years,infection,,20,0
1988,228,Pfizer,2,93.0,93,94.0,29,12-17 years,infection,,59,0
2003,232,Pfizer,2,51.9,50,53.8,41,general pop,symptomatic,,69,14
2005,232,Pfizer,2,59.6,36.6,74.2,41,general pop,severe,,69,14
2007,232,AZD1222 (AstraZeneca),2,25.5,1,29.7,41,general pop,symptomatic,,69,14
2009,232,AZD1222 (AstraZeneca),2,41.0,-8.1,67.8,41,general pop,severe,,69,14
2013,232,CoronaVac (Sinovac),2,23.4,18.2,28.3,41,general pop,symptomatic,,69,14
2015,232,CoronaVac (Sinovac),2,34.1,-28.9,66.3,41,general pop,severe,,69,14
2017,232,Pfizer,2,54.1,52.1,55.9,41,general pop,symptomatic,,69,14
2019,232,Pfizer,2,53.6,-6.4,79.8,41,general pop,severe,,69,14
2021,232,AZD1222 (AstraZeneca),2,27.2,22.9,31.3,41,general pop,symptomatic,,69,14
2023,232,AZD1222 (AstraZeneca),2,67.5,-7.9,90.2,41,general pop,severe,,69,14
2027,232,CoronaVac (Sinovac),2,27.3,22.3,31.9,41,general pop,symptomatic,,69,14
2029,232,CoronaVac (Sinovac),2,21.4,-148.4,75.1,41,general pop,severe,,69,14
2031,233,Pfizer,2,98.0,95,99.0,31,general pop,severe,,55,7
2033,233,AZD1222 (AstraZeneca),2,96.0,88,96.0,31,general pop,severe,,55,7
2036,234,Ad5-nCOV (CanSino),2,48.0,32,61.0,37,childcare workers,infection,,60,14
2038,234,Ad5-nCOV (CanSino),2,92.0,23,99.0,37,childcare workers,severe,,60,14
2040,234,Ad5-nCOV (CanSino),2,95.0,53,100.0,90,childcare workers,death,,120,61
2046,235,Pfizer,2,70.3,69.2,71.3,67,18-64 years,infection,,120,14
2048,235,Pfizer,2,82.6,80.1,84.7,67,18-64 years,severe,,120,14
2050,235,Pfizer,2,87.4,81.5,91.5,67,18-64 years,death,,120,14
2052,235,Moderna,2,76.9,73.3,80.0,67,18-64 years,infection,,120,14
2054,235,Moderna,2,84.9,75.4,90.8,67,18-64 years,severe,,120,14
2056,235,Moderna,2,77.7,30.7,92.8,67,18-64 years,death,,120,14
2058,235,AZD1222 (AstraZeneca),2,39.2,36.4,41.9,67,18-64 years,infection,,120,14
2060,235,AZD1222 (AstraZeneca),2,76.2,70.6,80.7,67,18-64 years,severe,,120,14
2062,235,AZD1222 (AstraZeneca),2,90.1,73.5,96.3,67,18-64 years,death,,120,14
2064,235,Sputnik V (Gamaleya),2,38.3,31.8,44.3,67,18-64 years,infection,,120,14
2066,235,Sputnik V (Gamaleya),2,90.4,78.5,95.7,67,18-64 years,severe,,120,14
2068,235,Sputnik V (Gamaleya),2,89.3,79.9,94.3,150,18-64 years,death,,180,121
2070,235,Janssen,1,39.3,36.1,42.4,67,18-64 years,infection,,120,14
2071,235,Janssen,1,35.9,32.5,39.2,210,18-64 years,infection,,240,181
2072,235,Janssen,1,43.2,32.9,52.0,67,18-64 years,severe,,120,14
2073,235,Janssen,1,59.4,50.1,67.0,210,18-64 years,severe,,240,181
2074,235,Janssen,1,59.8,35.2,75.1,67,18-64 years,death,,120,14
2075,235,Janssen,1,76.1,56.7,86.8,210,18-64 years,death,,240,181
2076,235,BBIBP-CorV (Beijing CNBG),2,10.9,6.7,15.0,67,18-64 years,infection,,120,14
2078,235,BBIBP-CorV (Beijing CNBG),2,53.8,43.9,61.9,67,18-64 years,severe,,120,14
2080,235,BBIBP-CorV (Beijing CNBG),2,67.4,39.2,82.5,67,18-64 years,death,,120,14
2082,236,Pfizer,2,39.8,38.4,41.2,22,12-59 years,infection,,30,14
2084,236,Pfizer,2,62.4,46.3,73.6,22,12-59 years,severe,,30,14
2086,236,Pfizer,2,92.2,91.8,92.6,22,12-59 years,infection,,30,14
2088,236,Pfizer,2,99.1,98,99.6,22,12-59 years,severe,,30,14
2090,236,Pfizer,2,39.9,26.4,50.9,22,≥ 60 years,infection,,30,14
2092,236,Pfizer,2,82.2,75.3,87.1,22,≥ 60 years,infection,,30,14
2094,236,Pfizer,2,97.7,95.2,98.9,45,≥ 60 years,severe,,60,31
2096,236,Pfizer,2,91.0,88.5,92.9,22,≥ 60 years,infection,,30,14
2098,236,Pfizer,2,96.4,92.6,98.3,22,≥ 60 years,severe,,30,14
2100,237,Pfizer,2,28.5,20,36.2,77,general pop,infection,omicron,140,14
2102,237,Pfizer,2,36.1,7.1,56.1,77,general pop,infection,omicron,140,14
2104,237,Pfizer,2,30.7,20.6,39.6,77,general pop,infection,omicron,140,14
2106,237,Pfizer,2,14.3,-43.1,48.7,77,general pop,infection,omicron,140,14
2127,240,Pfizer,2,49.2,48.5,49.9,36,general pop,symptomatic,,59,14
2129,240,Pfizer,2,82.9,80.6,85.0,36,general pop,severe,,59,14
2131,240,AZD1222 (AstraZeneca),2,26.7,25.2,28.2,36,general pop,symptomatic,,59,14
2133,240,AZD1222 (AstraZeneca),2,77.1,72.9,80.6,36,general pop,severe,,59,14
2135,240,Pfizer,2,57.7,54.5,60.6,36,general pop,symptomatic,,59,14
2137,240,Pfizer,2,90.4,30.4,98.7,36,general pop,severe,,59,14
2139,240,AZD1222 (AstraZeneca),2,40.7,26.6,52.1,36,general pop,symptomatic,,59,14
2141,240,AZD1222 (AstraZeneca),2,78.8,31.8,93.4,104,general pop,severe,,149,60
2170,243,Pfizer,2,43.0,41,45.0,15,general pop,symptomatic,omicron,30,0
2172,243,Pfizer,2,59.0,49,70.0,15,general pop,severe,omicron,30,0
2174,243,Pfizer,2,70.0,40,97.0,15,general pop,severe,omicron,30,0
2176,243,Pfizer,2,60.0,24,92.0,15,general pop,death,omicron,30,0
2178,243,Pfizer,2,78.0,77,80.0,15,general pop,symptomatic,delta,30,0
2180,243,Pfizer,2,91.0,87,95.0,15,general pop,severe,delta,30,0
2182,243,Pfizer,2,93.0,86,99.0,15,general pop,severe,delta,30,0
2184,243,Pfizer,2,90.0,79,100.0,15,general pop,death,delta,30,0
2229,254,Pfizer,2,72.0,70,74.0,32,contacts of index cases among women aged 45-64,infection,,57,7
2230,254,Moderna,2,82.0,79,84.0,39,contacts of index cases among women aged 45-64,infection,,64,14
2231,254,Janssen,1,38.0,34,44.0,46,contacts of index cases among women aged 45-64,infection,,71,21
2232,254,AZD1222 (AstraZeneca),2,56.0,51,59.0,39,contacts of index cases among women aged 45-64,infection,,64,14
2233,254,Pfizer,2,64.0,63,66.0,32,contacts of index cases among women aged 45-64,infection,,57,7
2234,254,Pfizer,2,44.0,43,44.0,182,contacts of index cases among women aged 45-64,infection,,207,157
2235,254,Moderna,2,75.0,71,77.0,39,contacts of index cases among women aged 45-64,infection,,64,14
2236,254,Moderna,2,56.0,55,58.0,189,contacts of index cases among women aged 45-64,infection,,214,164
2237,254,Janssen,1,33.0,28,38.0,46,contacts of index cases among women aged 45-64,infection,,71,21
2238,254,Janssen,1,22.0,19,25.0,196,contacts of index cases among women aged 45-64,infection,,221,171
2239,254,AZD1222 (AstraZeneca),2,49.0,45,52.0,39,contacts of index cases among women aged 45-64,infection,,64,14
2240,254,AZD1222 (AstraZeneca),2,35.0,33,37.0,189,contacts of index cases among women aged 45-64,infection,,214,164
2241,254,Pfizer,2,87.0,84,88.0,32,contacts of index cases among women aged 45-64,infection,,57,7
2242,254,Pfizer,2,82.0,81,83.0,182,contacts of index cases among women aged 45-64,infection,,207,157
2243,254,Moderna,2,87.0,83,92.0,39,contacts of index cases among women aged 45-64,infection,,64,14
2244,254,Moderna,2,85.0,80,89.0,189,contacts of index cases among women aged 45-64,infection,,214,164
2245,254,Janssen,1,88.0,85,91.0,46,contacts of index cases among women aged 45-64,infection,,71,21
2246,254,Janssen,1,87.0,84,89.0,196,contacts of index cases among women aged 45-64,infection,,221,171
2247,254,AZD1222 (AstraZeneca),2,88.0,84,94.0,39,contacts of index cases among women aged 45-64,infection,,64,14
2248,254,AZD1222 (AstraZeneca),2,83.0,81,85.0,189,contacts of index cases among women aged 45-64,infection,,214,164
2251,256,Pfizer,2,88.0,86,90.0,96,hospitalized adults,severe,,179,14
2253,256,Moderna,2,93.0,91,94.0,96,hospitalized adults,severe,,179,14
2255,256,Pfizer,2,90.0,88,91.0,96,general pop,severe,,179,14
2258,256,Pfizer,2,65.0,57,72.0,96,immunocompromised adults,severe,,179,14
2260,256,Pfizer,2,90.0,88,91.0,96,hospitalized adults,severe,,179,14
2262,257,Pfizer,2,70.9,69.3,72.4,42,general pop,infection,,44,40
2264,257,AZD1222 (AstraZeneca),2,76.3,71.9,80.0,42,general pop,infection,,44,40
2266,257,Janssen,1,39.4,28.3,48.8,42,general pop,infection,,44,40
2268,257,AZD1222 (AstraZeneca) & any mRNA - heterologous,2,81.6,75.3,86.3,42,general pop,infection,,44,40
2270,258,Pfizer,2,62.0,46,73.0,20,LTCF residents,infection,,34,7
2272,258,Pfizer,2,86.0,67,94.0,20,LTCF residents,death,,34,7
2274,258,AZD1222 (AstraZeneca),2,61.0,40,74.0,20,LTCF residents,infection,,34,7
2276,258,AZD1222 (AstraZeneca),2,83.0,58,94.0,20,LTCF residents,death,,34,7
2278,258,Pfizer,2,79.0,15,95.0,20,LTCF residents,infection,,34,7
2280,258,AZD1222 (AstraZeneca),2,37.0,-50,73.0,20,LTCF residents,infection,,34,7
2284,260,Pfizer,2,58.3,54.6,61.5,24,5-10 years,infection,,35,14
2305,266,Moderna,2,92.6,80.5,97.2,7,general pop,symptomatic,,2,12
2306,266,Moderna,2,89.6,41.7,98.2,87,general pop,symptomatic,,2,172
2308,267,Janssen,1,73.0,60,82.0,52,general pop,severe,,90,14
2326,271,Pfizer,2,88.0,62,96.0,20,HCW,severe,,27,14
2327,271,Pfizer,2,67.0,63,71.0,177,HCW,severe,,207,148
2328,271,Pfizer,2,69.0,56,79.0,20,HCW,severe,,27,14
2329,271,Pfizer,2,71.0,65,76.0,177,HCW,severe,,207,148
2338,276,Pfizer,2,51.0,39,61.0,14,5-11 years,infection,,21,7
2339,276,Pfizer,2,48.0,29,63.0,14,5-11 years,symptomatic,,21,7
2341,277,Pfizer,2,75.6,65.8,82.6,20,12-17 years,infection,,27,14
2342,277,Pfizer,2,33.9,27.4,39.9,181,12-17 years,infection,,195,168
2345,277,Pfizer,2,83.1,68.9,90.8,20,12-17 years,infection,,27,14
2346,277,Pfizer,2,75.4,72.1,78.4,153,12-17 years,infection,,167,140
2349,277,Pfizer,2,97.7,96.2,98.6,20,12-17 years,infection,,27,14
2350,277,Pfizer,2,92.4,90.4,94.0,125,12-17 years,infection,,139,112
2353,277,Pfizer,2,63.4,21.4,83.0,20,12-17 years,infection,,27,14
2354,277,Pfizer,2,22.2,8.4,33.9,181,12-17 years,infection,,195,168
2356,277,Pfizer,2,94.8,83.7,98.4,41,12-17 years,infection,,55,28
2357,277,Pfizer,2,84.2,77.8,88.8,153,12-17 years,infection,,167,140
2359,277,Pfizer,2,96.8,94.4,98.2,20,12-17 years,infection,,27,14
2360,277,Pfizer,2,90.9,87.7,93.2,125,12-17 years,infection,,139,112
2377,280,Sputnik V (Gamaleya),2,91.8,86.3,95.1,33,general pop,infection,,59,7
2379,280,Sputnik V (Gamaleya),2,95.2,79.1,98.9,33,general pop,severe,,59,7
2393,284,Pfizer,2,47.0,44,50.0,77,general pop,symptomatic,,140,14
2395,284,Pfizer,2,68.0,63,73.0,77,general pop,severe,,140,14
2397,284,Pfizer,2,59.0,40,71.0,77,general pop,symptomatic,,140,14
2399,284,Pfizer,2,57.0,19,77.0,77,general pop,severe,,140,14
2401,285,CoronaVac (Sinovac),2,-0.7,-1.6,0.2,97,general pop,infection,,180,14
2403,285,CoronaVac (Sinovac),2,64.5,62.6,66.3,97,general pop,severe,,180,14
2405,285,CoronaVac (Sinovac),2,67.8,64,71.3,97,general pop,death,,180,14
2407,286,Pfizer,2,67.0,40,82.0,82,nursing home residents,infection,,157,7
2408,286,Moderna,2,75.0,32,91.0,82,nursing home residents,infection,,157,7
2411,287,Pfizer,2,48.8,46.9,50.8,10,5-11 years,infection,,14,7
2413,287,Pfizer,2,70.6,65.9,74.7,10,5-11 years,infection,,14,7
2415,287,Pfizer,2,87.8,72.2,94.7,10,5-11 years,severe,,14,7
2416,287,Pfizer,2,80.4,67,88.4,44,5-11 years,severe,,59,30
2432,289,Pfizer,2,49.6,28.5,64.5,22,5-11 years,infection,,30,14
2434,289,Pfizer,2,95.3,92,97.2,22,12-17 years,infection,,30,14
2436,290,Pfizer,2,76.1,71.1,80.2,21,veterans,symptomatic,,21,21
2437,290,Pfizer,2,0.1,-10.9,10.1,210,veterans,symptomatic,,210,210
2438,290,Pfizer,2,81.6,75.9,85.9,21,veterans < 65 years,symptomatic,,21,21
2439,290,Pfizer,2,22.5,7.2,35.2,210,veterans < 65 years,symptomatic,,210,210
2440,290,Pfizer,2,66.3,55.7,74.4,21,veterans ≥ 65 years,symptomatic,,21,21
2441,290,Pfizer,2,-23.3,-40.5,-8.2,210,veterans ≥ 65 years,symptomatic,,210,210
2442,290,Pfizer,2,72.9,61.7,80.7,21,veterans,severe,,21,21
2443,290,Pfizer,2,19.8,2.5,34.1,210,veterans,severe,,210,210
2444,290,Pfizer,2,85.6,72.6,92.4,21,veterans < 65 years,severe,,21,21
2445,290,Pfizer,2,57.0,31.2,73.2,210,veterans < 65 years,severe,,210,210
2446,290,Pfizer,2,61.0,41.3,74.2,21,veterans ≥ 65 years,severe,,21,21
2447,290,Pfizer,2,1.7,-22,20.8,210,veterans ≥ 65 years,severe,,210,210
2448,290,Pfizer,2,74.7,54.2,86.0,21,veterans,severe,,21,21
2449,290,Pfizer,2,39.5,17.6,55.6,210,veterans,severe,,210,210
2450,290,Pfizer,2,87.6,61,96.1,21,veterans < 65 years,severe,,21,21
2451,290,Pfizer,2,66.4,7.7,87.8,210,veterans < 65 years,severe,,210,210
2452,290,Pfizer,2,67.4,32.6,84.3,21,veterans ≥ 65 years,severe,,21,21
2453,290,Pfizer,2,29.3,2.3,48.9,210,veterans ≥ 65 years,severe,,210,210
2454,290,Moderna,2,84.6,80.5,87.8,21,veterans,symptomatic,,21,21
2455,290,Moderna,2,46.6,40.8,51.9,210,veterans,symptomatic,,210,210
2456,290,Moderna,2,89.7,84.8,93.0,21,veterans < 65 years,symptomatic,,21,21
2457,290,Moderna,2,57.3,48.4,64.7,210,veterans < 65 years,symptomatic,,210,210
2458,290,Moderna,2,78.4,71.1,83.9,21,veterans ≥ 65 years,symptomatic,,21,21
2459,290,Moderna,2,36.2,27.7,43.6,210,veterans ≥ 65 years,symptomatic,,210,210
2460,290,Moderna,2,76.6,63.9,84.8,21,veterans,severe,,21,21
2461,290,Moderna,2,71.3,64,77.1,210,veterans,severe,,210,210
2462,290,Moderna,2,92.0,76.1,97.3,21,veterans < 65 years,severe,,21,21
2463,290,Moderna,2,83.1,66.8,91.4,210,veterans < 65 years,severe,,210,210
2464,290,Moderna,2,66.1,45.3,79.0,21,veterans ≥ 65 years,severe,,21,21
2465,290,Moderna,2,64.7,55.2,72.3,210,veterans ≥ 65 years,severe,,210,210
2466,290,Moderna,2,80.5,64.1,89.4,21,veterans,severe,,21,21
2467,290,Moderna,2,77.2,68.4,83.5,210,veterans,severe,,210,210
2468,290,Moderna,2,89.2,49.5,97.7,21,veterans < 65 years,severe,,21,21
2469,290,Moderna,2,84.4,59,94.1,210,veterans < 65 years,severe,,210,210
2470,290,Moderna,2,75.4,51.7,87.5,21,veterans ≥ 65 years,severe,,21,21
2471,290,Moderna,2,73.8,62.9,81.5,210,veterans ≥ 65 years,severe,,210,210
2472,290,Janssen,1,25.4,2.9,42.6,21,veterans,symptomatic,,21,21
2473,290,Janssen,1,25.5,-2.2,45.6,210,veterans,symptomatic,,210,210
2474,290,Janssen,1,55.8,20.6,75.4,21,veterans,severe,,21,21
2475,290,Janssen,1,16.9,-90.9,63.8,210,veterans,severe,,210,210
2476,290,Janssen,1,61.1,11.9,82.8,21,veterans,severe,,21,21
2477,290,Janssen,1,63.3,-15.5,88.3,210,veterans,severe,,210,210
2478,291,Pfizer,2,67.0,60,72.0,18,5-11 years,symptomatic,omicron,29,7
2480,291,Pfizer,2,94.0,56,99.0,18,5-11 years,severe,omicron,29,7
2482,292,Pfizer,2,55.0,34,69.0,51,general pop,symptomatic,,89,14
2484,292,Pfizer,2,88.0,80,92.0,51,general pop,symptomatic,,89,14
2485,292,Pfizer,2,86.0,35,97.0,134,general pop,symptomatic,,179,90
2511,295,Pfizer,2,90.0,75,96.0,74,12-18 years,hospitalization with MIS-C,,120,28
2518,296,Any mRNA,2,99.0,90,100.0,17,HCW,infection,,20,14
2541,300,Pfizer,2,76.6,74.3,78.6,21,12-18 years,infection,,29,14
2542,300,Pfizer,2,49.6,45.9,53.2,44,12-18 years,infection,,59,30
2543,300,Pfizer,2,83.5,81.3,85.4,21,12-18 years,infection,,29,14
2544,300,Pfizer,2,41.8,35.3,47.6,74,12-18 years,infection,,89,60
2545,300,Pfizer,2,82.8,75.1,88.1,21,12-18 years,infection,,29,14
2559,302,Pfizer,2,64.5,63.6,65.4,59,11-17 years,symptomatic,,104,14
2560,302,Pfizer,2,25.7,-4.2,47.0,283,11-17 years,symptomatic,,286,280
2561,302,Pfizer,2,91.8,91.2,92.3,59,11-17 years,symptomatic,,104,14
2562,302,Pfizer,2,71.9,67.9,75.4,227,11-17 years,symptomatic,,279,175
2569,304,Pfizer,2,27.6,-6.3,50.7,51,≥5 years,infection,,89,14
2571,304,Pfizer,2,31.6,-9.3,57.2,51,≥5 years,symptomatic,,89,14
2573,304,CoronaVac (Sinovac),2,22.7,-15.2,48.2,51,≥5 years,infection,,89,14
2575,304,CoronaVac (Sinovac),2,12.2,-40,44.9,51,≥5 years,symptomatic,,89,14
2577,305,Pfizer,2,53.0,51,55.0,24,5-11 years,infection,,34,14
2579,305,Pfizer,2,59.0,55,62.0,24,12-17 years,infection,,34,14
2581,305,Moderna,2,55.0,49,61.0,24,12-17 years,infection,,34,14
2583,305,Pfizer,2,88.0,85,91.0,24,12-17 years,infection,,34,14
2585,305,Moderna,2,90.0,68,97.0,24,12-17 years,infection,,34,14
2586,305,Moderna,2,96.0,86,99.0,52,12-17 years,infection,,69,35
2587,306,Pfizer,2,58.9,40.7,71.9,20,general pop,infection,,27,14
2588,306,Pfizer,2,31.3,10.8,47.2,104,general pop,infection,,111,98
2594,307,Pfizer,2,84.4,75.5,90.0,51,general pop,infection,,89,14
2595,307,Pfizer,2,96.5,75.1,99.5,119,general pop,infection,,149,90
2596,307,Pfizer,2,86.6,75.5,92.7,51,general pop,symptomatic,,89,14
2597,307,Pfizer,2,93.8,55,99.1,119,general pop,symptomatic,,149,90
2598,307,Pfizer,2,85.5,65.5,93.9,51,general pop,severe,,89,14
2599,307,Pfizer,2,82.2,-34.5,97.7,119,general pop,severe,,149,90
2600,307,Pfizer,2,68.9,58,77.1,51,general pop,infection,,89,14
2602,307,Pfizer,2,74.8,62.9,82.9,51,general pop,symptomatic,,89,14
2604,307,Pfizer,2,85.4,60.2,94.6,51,general pop,severe,,89,14
2606,308,Pfizer,2,74.2,71.8,76.3,22,general pop,infection,,29,15
2608,308,AZD1222 (AstraZeneca),2,61.4,59.6,63.2,22,general pop,infection,,29,15
2610,308,CoronaVac (Sinovac),2,27.9,0.3,47.9,22,general pop,infection,,29,15
2612,308,Pfizer,2,79.9,74,84.5,22,general pop,infection,,29,15
2614,308,CoronaVac (Sinovac) & AZD1222 (AstraZeneca) - heterologous,2,57.8,56.3,59.2,22,general pop,infection,,29,15
2616,308,Pfizer,2,74.7,62.8,82.8,22,general pop,infection,,29,15
2628,310,Pfizer,2,78.0,-97,97.5,51,general pop,severe,,89,14
2632,310,Sputnik V (Gamaleya),2,64.4,-44.6,92.2,51,general pop,severe,,89,14
2655,313,Pfizer,2,91.6,89.6,93.2,66,HCW,infection,,120,12
2657,313,Moderna,2,95.2,88.3,98.1,66,HCW,infection,,120,12
2665,316,Pfizer,2,80.3,62.8,89.5,20,general pop,severe,,27,14
2666,316,Pfizer,2,38.4,16.9,54.4,225,general pop,severe,,240,210
2667,316,Pfizer,2,47.4,19.9,65.5,105,general pop,severe,,120,90
2671,318,Pfizer,2,89.0,88,90.0,33,general pop,infection,,59,7
2672,318,Pfizer,2,80.0,75,85.0,89,general pop,infection,,119,60
2673,318,Pfizer,2,94.0,91,96.0,33,general pop,symptomatic,,59,7
2674,318,Pfizer,2,93.0,79,98.0,89,general pop,symptomatic,,119,60
2675,318,Pfizer,2,95.0,90,97.0,33,general pop,severe,,59,7
2676,318,Pfizer,2,92.0,91,93.0,33,general pop,infection,,59,7
2677,318,Pfizer,2,82.0,79,85.0,149,general pop,infection,,179,120
2678,318,Pfizer,2,92.0,91,94.0,33,general pop,symptomatic,,59,7
2679,318,Pfizer,2,86.0,78,91.0,149,general pop,symptomatic,,179,120
2680,318,Pfizer,2,94.0,92,95.0,33,general pop,severe,,59,7
2681,318,Pfizer,2,97.0,95,98.0,149,general pop,severe,,179,120
2682,318,Pfizer,2,90.0,90,90.0,33,general pop,infection,,59,7
2684,318,Pfizer,2,94.0,94,95.0,33,general pop,symptomatic,,59,7
2686,318,Pfizer,2,98.0,98,99.0,33,general pop,severe,,59,7
2689,319,Pfizer,2,18.2,2.2,31.6,360,≥65 years,infection,,371,350
2691,319,Pfizer,2,68.5,45.5,81.8,360,≥65 years,severe,,371,350
2693,319,Moderna,2,11.8,-55.5,50.0,360,≥65 years,infection,,371,350
2695,319,Moderna,2,21.5,-89.2,67.4,360,≥65 years,severe,,371,350
2697,319,AZD1222 (AstraZeneca),2,-2.3,-627.9,85.6,276,≥65 years,infection,,287,266
2699,319,AZD1222 (AstraZeneca),2,28.7,-37.6,63.0,248,≥65 years,severe,,259,238
2704,322,Pfizer,2,3.0,-49,37.0,81,pregnant persons,symptomatic,,149,14
2707,322,Pfizer,2,86.0,41,97.0,81,pregnant persons,severe,,149,14
2710,322,Pfizer,2,84.0,69,92.0,81,pregnant persons,symptomatic,,149,14
2713,322,Pfizer,2,99.0,96,100.0,81,pregnant persons,severe,,149,14
2716,323,Pfizer,2,22.0,5,36.0,300,general pop,symptomatic,,300,300
2722,323,Pfizer,2,66.0,60,72.0,150,general pop,symptomatic,,150,150
2724,323,Pfizer,2,68.0,59,75.0,150,general pop,severe,,150,150
2726,323,Pfizer,2,86.0,78,91.0,90,general pop,symptomatic,,90,90
2728,323,Pfizer,2,87.0,77,93.0,90,general pop,severe,,90,90
2729,324,Pfizer,2,45.0,27,59.0,86,general pop,symptomatic,,159,14
2732,324,Moderna,2,51.0,30,66.0,86,general pop,symptomatic,,159,14
2735,324,Any mRNA - heterologous,2,70.0,52,81.0,86,general pop,symptomatic,,159,14
2740,326,Pfizer,2,37.5,36,39.0,329,≥5 years,infection ,,329,329
2741,326,Pfizer,2,0.8,-1.5,3.0,420,≥5 years,infection ,,420,420
2742,326,Pfizer,2,58.8,49.3,66.5,329,≥5 years,severe,,329,329
2743,326,Pfizer,2,29.4,50.4,76.9,420,≥5 years,severe,,420,420
2744,326,Pfizer,2,75.2,67.7,81.0,329,≥5 years,death ,,329,329
2745,326,Pfizer,2,59.1,27.2,77.0,420,≥5 years,death ,,420,420
2746,326,Moderna,2,47.2,45.8,48.5,322,≥5 years,infection ,,322,322
2747,326,Moderna,2,30.3,28.9,32.9,413,≥5 years,infection ,,413,413
2748,326,Moderna,2,64.7,57.2,70.9,322,≥5 years,severe,,322,322
2749,326,Moderna,2,61.5,49.6,70.6,413,≥5 years,severe,,413,413
2750,326,Moderna,2,69.6,62.3,75.5,322,≥5 years,death ,,322,322
2751,326,Moderna,2,48.3,22.6,65.4,413,≥5 years,death ,,413,413
2752,326,Janssen,1,48.8,47.2,50.4,287,≥5 years,infection ,,287,287
2753,326,Janssen,1,49.0,46.4,51.4,378,≥5 years,infection ,,378,378
2754,326,Janssen,1,65.3,58.3,71.1,287,≥5 years,severe,,287,287
2755,326,Janssen,1,53.3,26.7,70.2,378,≥5 years,severe,,378,378
2756,326,Janssen,1,76.1,69.2,81.4,287,≥5 years,death ,,287,287
2757,326,Janssen,1,77.5,19.6,93.7,378,≥5 years,death ,,378,378
2758,326,Pfizer,2,54.3,53.6,55.0,175,≥5 years,infection ,,175,175
2759,326,Pfizer,2,47.4,46.6,48.2,266,≥5 years,infection ,,266,266
2760,326,Pfizer,2,85.8,83.4,87.8,175,≥5 years,severe,,175,175
2761,326,Pfizer,2,70.9,65.3,75.6,266,≥5 years,severe,,266,266
2762,326,Pfizer,2,89.6,87,91.6,175,≥5 years,death ,,175,175
2763,326,Pfizer,2,77.4,70.6,82.6,266,≥5 years,death ,,266,266
2764,326,Moderna,2,69.2,68.5,69.9,168,≥5 years,infection ,,168,168
2765,326,Moderna,2,48.4,47.5,49.3,259,≥5 years,infection ,,259,259
2766,326,Moderna,2,89.8,88.1,91.3,168,≥5 years,severe,,168,168
2767,326,Moderna,2,72.7,67.8,77.0,259,≥5 years,severe,,259,259
2768,326,Moderna,2,93.0,91.1,94.5,168,≥5 years,death ,,168,168
2769,326,Moderna,2,85.1,80.1,88.8,259,≥5 years,death ,,259,259
2770,326,Janssen,1,59.2,57.7,60.7,140,≥5 years,infection ,,140,140
2771,326,Janssen,1,60.5,58.9,62.1,231,≥5 years,infection ,,231,231
2772,326,Janssen,1,77.9,72.2,82.4,140,≥5 years,severe,,140,140
2773,326,Janssen,1,70.0,64.8,74.5,231,≥5 years,severe,,231,231
2774,326,Janssen,1,83.8,76.1,89.0,140,≥5 years,death ,,140,140
2775,326,Janssen,1,79.2,73.1,84.0,231,≥5 years,death ,,231,231
2776,326,Pfizer,2,67.6,66.9,68.3,21,≥5 years,infection ,,21,21
2777,326,Pfizer,2,58.6,58,59.2,147,≥5 years,infection ,,147,147
2778,326,Pfizer,2,94.1,92.2,95.5,21,≥5 years,severe,,21,21
2779,326,Pfizer,2,87.1,85,88.9,147,≥5 years,severe,,147,147
2780,326,Pfizer,2,97.1,94.7,98.4,21,≥5 years,death ,,21,21
2781,326,Pfizer,2,91.9,89.4,93.8,147,≥5 years,death ,,147,147
2782,326,Moderna,2,90.1,89.6,90.7,14,≥5 years,infection ,,14,14
2783,326,Moderna,2,71.9,71.3,72.6,140,≥5 years,infection ,,140,140
2784,326,Moderna,2,96.5,95.1,97.6,14,≥5 years,severe,,14,14
2785,326,Moderna,2,90.4,88.6,91.9,140,≥5 years,severe,,140,140
2786,326,Moderna,2,97.2,95.1,98.4,14,≥5 years,death ,,14,14
2787,326,Moderna,2,92.8,90.3,94.6,140,≥5 years,death ,,140,140
2788,326,Janssen,1,70.6,68.8,72.3,14,≥5 years,infection ,,14,14
2789,326,Janssen,1,63.0,60.8,65.0,70,≥5 years,infection ,,70,70
2790,326,Janssen,1,67.9,56.5,76.3,14,≥5 years,severe,,14,14
2791,326,Janssen,1,79.3,71.7,84.8,70,≥5 years,severe,,70,70
2792,326,Janssen,1,85.7,74.6,91.9,14,≥5 years,death ,,14,14
2793,326,Janssen,1,80.5,75.7,84.4,70,≥5 years,death ,,70,70
2794,327,Pfizer,2,81.2,77.7,84.2,24,12-15 years,symptomatic,omicron,35,14
2796,327,Pfizer,2,100.0,-∞,100.0,24,12-15 years,symptomatic,delta,35,14
2797,327,Pfizer,2,92.9,42.5,99.1,52,12-15 years,symptomatic,delta,63,42
2798,327,Pfizer,2,65.5,56,73.0,24,16-17 years,symptomatic,omicron,35,14
2800,327,Pfizer,2,95.6,77,99.1,24,16-17 years,symptomatic,delta,35,14
2801,327,Pfizer,2,96.7,51.3,99.8,52,16-17 years,symptomatic,delta,63,42
2803,329,Pfizer,2,36.0,24,45.0,33,general pop,symptomatic,omicron,59,7
2805,329,Pfizer,2,75.0,51,87.0,149,general pop,severe,omicron,179,120
2806,329,Pfizer,2,82.0,62,91.0,209,general pop,severe,omicron,239,180
2807,329,Pfizer,2,89.0,86,92.0,33,general pop,symptomatic,delta,59,7
2809,329,Pfizer,2,94.0,84,98.0,33,general pop,severe,delta,59,7
2811,330,Pfizer,2,54.5,17.8,76.9,45,12-17 years,infection,omicron,90,0
2813,330,Pfizer,2,81.9,67.9,90.8,45,12-17 years,infection,delta,90,0
2815,331,Pfizer,2,15.8,7.9,23.1,28,16-64 years,infection,omicron,28,28
2816,331,Pfizer,2,21.2,11,30.3,28,16-64 years,symptomatic,omicron,28,28
2817,331,Pfizer,2,82.9,69.4,90.4,28,16-64 years,infection,delta,28,28
2818,331,Pfizer,2,95.7,82.5,98.9,28,16-64 years,symptomatic,delta,28,28
2819,332,Pfizer,2,17.3,15.2,19.3,97,60-79 years,infection,,180,14
2820,332,Pfizer,2,74.6,72.1,76.8,97,60-79 years,severe,,180,14
2821,332,Pfizer,2,77.5,65.7,85.2,97,60-79 years,severe,,180,14
2822,332,Pfizer,2,92.1,88.7,94.5,97,60-79 years,death,,180,14
2823,332,Pfizer,2,54.2,51.4,56.9,97,≥80 years,infection,,180,14
2824,332,Pfizer,2,81.0,78.2,83.5,97,≥80 years,severe,,180,14
2825,332,Pfizer,2,82.7,62.7,92.0,97,≥80 years,severe,,180,14
2826,332,Pfizer,2,92.5,89.3,94.8,97,≥80 years,death,,180,14
2827,332,CoronaVac (Sinovac),2,-23.1,-25.8,-20.5,97,60-79 years,infection,,180,14
2828,332,CoronaVac (Sinovac),2,59.4,56.6,62.0,97,60-79 years,severe,,180,14
2829,332,CoronaVac (Sinovac),2,57.7,43.8,68.2,97,60-79 years,severe,,180,14
2830,332,CoronaVac (Sinovac),2,79.6,75,83.3,97,60-79 years,death,,180,14
2831,332,CoronaVac (Sinovac),2,31.2,28.7,33.6,97,≥80 years,infection,,180,14
2832,332,CoronaVac (Sinovac),2,58.4,55.8,60.9,97,≥80 years,severe,,180,14
2833,332,CoronaVac (Sinovac),2,55.0,38.6,67.0,97,≥80 years,severe,,180,14
2834,332,CoronaVac (Sinovac),2,69.4,65.6,72.8,97,≥80 years,death,,180,14
2840,334,Pfizer,2,70.0,54,80.0,63,HCW,infection,,119,7
2842,334,Pfizer,2,25.0,0,69.0,63,HCW,infection,,119,7
2862,336,Moderna,2,90.0,89,91.0,81,general pop,symptomatic,,149,14
2864,336,Pfizer,2,85.0,84,86.0,81,general pop,symptomatic,,149,14
2866,336,Moderna,2,94.0,92,95.0,81,general pop,severe,,149,14
2868,336,Pfizer,2,90.0,88,91.0,81,general pop,severe,,149,14
2870,336,Moderna,2,79.0,64,88.0,81,immunocompromised adults,symptomatic,,149,14
2872,336,Pfizer,2,62.0,45,73.0,81,immunocompromised adults,symptomatic,,149,14
2874,336,Moderna,2,81.0,69,88.0,81,immunocompromised adults,severe,,149,14
2876,336,Pfizer,2,68.0,58,75.0,81,immunocompromised adults,severe,,149,14
2878,336,Janssen,1,67.0,63,71.0,81,general pop,symptomatic,,149,14
2880,336,Janssen,1,77.0,71,82.0,81,general pop,severe,,149,14
2882,336,Janssen,1,9.0,-66,50.0,81,immunocompromised adults,symptomatic,,149,14
2884,336,Janssen,1,35.0,-3,60.0,81,immunocompromised adults,severe,,149,14
2890,338,Pfizer,2,63.0,46,75.0,82,general pop,severe,,150,14
2892,338,Pfizer,2,83.0,35,96.0,82,general pop,severe,,150,14
2894,339,Janssen,1,48.0,9.7,70.1,17,HCW with low physical activity,infection,,20,14
2897,339,Janssen,1,39.0,-4.9,64.5,17,HCW years with moderate physical activity,infection,,20,14
2900,339,Janssen,1,51.0,16.8,71.1,17,HCW years with high physical activity,infection,,20,14
2914,342,Sputnik V (Gamaleya),2,52.3,-27.4,78.7,120,general pop,infection,delta,150,90
2915,342,Sputnik V (Gamaleya),2,23.7,-84.7,62.8,240,general pop,infection,delta,270,210
2916,342,Sputnik V (Gamaleya),2,20.1,-94.7,61.6,240,general pop,infection,delta,270,210
2922,342,Pfizer,2,23.1,-28.7,52.1,120,general pop,infection,omicron,150,90
2923,342,Pfizer,2,21.9,-38.9,54.1,120,general pop,infection,omicron,150,90
2924,343,Pfizer,2,83.0,76,88.0,269,50-59 years,severe,omicron BA.1/BA.2,299,240
2929,343,Pfizer,2,87.0,43,97.0,269,50-59 years,severe,omicron BA.4/BA.5,299,240
2971,349,Pfizer,2,55.8,52.4,59.0,22,12-17 years,infection,,30,15
2975,349,BBIBP-CorV (Beijing CNBG),2,37.6,34.2,40.8,22,3-11 years,infection,,30,15
2982,349,Pfizer,2,74.8,71.3,77.9,22,12-17 years,infection,,30,15
2985,349,BBIBP-CorV (Beijing CNBG),2,68.4,64.1,72.2,22,3-11 years,infection,,30,15
2999,350,Pfizer,2,47.3,46,48.5,30,general pop,infection,,30,30
3000,350,Pfizer,2,-32.8,-37.4,-28.3,210,general pop,infection,,60,360
3001,350,Moderna,2,64.7,63.3,66.0,30,general pop,infection,,30,30
3002,350,Moderna,2,-36.4,-43.2,-29.8,210,general pop,infection,,60,360
3003,350,mRNA (heterologous),2,-35.5,-48.6,-23.6,30,general pop,infection,,30,30
3004,350,mRNA (heterologous),2,-1.4,-28.3,20.0,240,general pop,infection,,240,240
3005,350,Janssen,1,30.8,23.5,37.4,30,general pop,infection,,30,30
3006,350,Janssen,1,71.1,60.5,78.8,210,general pop,infection,,60,360
3023,354,Pfizer,2,86.0,78,91.0,48,≥60 years,severe,,90,7
3024,354,Pfizer,2,68.0,37,84.0,314,≥60 years,severe,,359,270
3026,354,Pfizer,2,66.0,28,84.0,48,≥60 years,severe,,90,7
3027,354,Pfizer,2,73.0,-13,94.0,404,≥60 years,severe,,449,360
3029,354,Pfizer,2,55.0,-95,89.0,48,≥60 years,severe,,90,7
3030,354,Pfizer,2,47.0,35,57.0,404,≥60 years,severe,,449,360
3037,356,Pfizer,2,75.0,74,76.0,34,18-39 years,infection,,48,21
3038,356,Pfizer,2,-83.0,-294,15.0,258,18-39 years,infection,,272,245
3039,356,Pfizer,2,96.0,93,97.0,34,18-39 years,severe,,48,21
3040,356,Pfizer,2,-48.0,-217,31.0,258,18-39 years,severe,,272,245
3041,356,AZD1222 (AstraZeneca),2,22.0,19,25.0,34,40-64 years,infection,,48,21
3042,356,AZD1222 (AstraZeneca),2,41.0,-47,77.0,314,40-64 years,infection,,328,301
3043,356,AZD1222 (AstraZeneca),2,95.0,93,96.0,34,40-64 years,severe,,48,21
3044,356,AZD1222 (AstraZeneca),2,44.0,-41,78.0,314,40-64 years,severe,,328,301
3045,356,AZD1222 (AstraZeneca),2,99.0,96,100.0,90,40-64 years,death,,104,77
3046,356,AZD1222 (AstraZeneca),2,74.0,36,89.0,230,40-64 years,death,,244,217
3047,356,Pfizer,2,78.0,73,82.0,34,18-64 years clinically vulnerable,infection,,48,21
3048,356,Pfizer,2,28.0,-41,63.0,342,18-64 years clinically vulnerable,infection,,356,329
3049,356,Pfizer,2,97.0,92,99.0,34,18-64 years clinically vulnerable,severe,,48,21
3050,356,Pfizer,2,28.0,-38,62.0,342,18-64 years clinically vulnerable,severe,,356,329
3051,356,Pfizer,2,96.0,92,98.0,118,18-64 years clinically vulnerable,death,,132,105
3052,356,Pfizer,2,37.0,-36,70.0,258,18-64 years clinically vulnerable,death,,272,245
3053,356,AZD1222 (AstraZeneca),2,26.0,20,33.0,34,18-64 years clinically vulnerable,infection,,48,21
3054,356,AZD1222 (AstraZeneca),2,14.0,-42,48.0,342,18-64 years clinically vulnerable,infection,,356,329
3055,356,AZD1222 (AstraZeneca),2,93.0,89,96.0,34,18-64 years clinically vulnerable,severe,,48,21
3056,356,AZD1222 (AstraZeneca),2,21.0,-30,52.0,342,18-64 years clinically vulnerable,severe,,356,329
3057,356,AZD1222 (AstraZeneca),2,96.0,87,99.0,62,18-64 years clinically vulnerable,death,,76,49
3058,356,AZD1222 (AstraZeneca),2,50.0,-125,89.0,314,18-64 years clinically vulnerable,death,,328,301
3059,356,Pfizer,2,77.0,67,84.0,34,≥65 years,infection,,48,21
3060,356,Pfizer,2,4.0,-30,29.0,342,≥65 years,infection,,356,329
3061,356,Pfizer,2,92.0,86,95.0,34,≥65 years,severe,,48,21
3062,356,Pfizer,2,2.0,-34,27.0,342,≥65 years,severe,,356,329
3063,356,Pfizer,2,97.0,92,99.0,34,≥65 years,death,,48,21
3064,356,Pfizer,2,33.0,-49,70.0,342,≥65 years,death,,356,329
3065,356,AZD1222 (AstraZeneca),2,47.0,29,61.0,34,≥65 years,infection,,48,21
3066,356,AZD1222 (AstraZeneca),2,-12.0,-54,18.0,342,≥65 years,infection,,356,329
3067,356,AZD1222 (AstraZeneca),2,86.0,75,92.0,34,≥65 years,severe,,48,21
3068,356,AZD1222 (AstraZeneca),2,-12.0,-53,18.0,342,≥65 years,severe,,356,329
3069,356,AZD1222 (AstraZeneca),2,93.0,84,97.0,62,≥65 years,death,,76,49
3070,356,AZD1222 (AstraZeneca),2,23.0,-82,68.0,342,≥65 years,death,,356,329
3073,358,Pfizer,2,47.0,40,53.0,81,"≥18 years, Social Vulnerability Index Quartile 1",symptomatic,,149,14
3075,358,Pfizer,2,59.0,39,72.0,81,"≥18 years, Social Vulnerability Index Quartile 1",severe,,149,14
3077,358,Pfizer,2,42.0,33,49.0,81,"≥18 years, Social Vulnerability Index Quartile 2",symptomatic,,149,14
3079,358,Pfizer,2,65.0,48,76.0,81,"≥18 years, Social Vulnerability Index Quartile 2",severe,,149,14
3081,358,Pfizer,2,54.0,47,61.0,81,"≥18 years, Social Vulnerability Index Quartile 3",symptomatic,,149,14
3083,358,Pfizer,2,62.0,45,74.0,81,"≥18 years, Social Vulnerability Index Quartile 3",severe,,149,14
3085,358,Pfizer,2,51.0,43,58.0,81,"≥18 years, Social Vulnerability Index Quartile 4",symptomatic,,149,14
3087,358,Pfizer,2,63.0,43,75.0,81,"≥18 years, Social Vulnerability Index Quartile 4",severe,,149,14
3089,358,Pfizer,2,87.0,84,89.0,81,"≥18 years, Social Vulnerability Index Quartile 1",symptomatic,,149,14
3091,358,Pfizer,2,90.0,84,94.0,81,"≥18 years, Social Vulnerability Index Quartile 1",severe,,149,14
3093,358,Pfizer,2,85.0,81,88.0,81,"≥18 years, Social Vulnerability Index Quartile 2",symptomatic,,149,14
3095,358,Pfizer,2,91.0,85,95.0,81,"≥18 years, Social Vulnerability Index Quartile 2",severe,,149,14
3097,358,Pfizer,2,89.0,85,91.0,81,"≥18 years, Social Vulnerability Index Quartile 3",symptomatic,,149,14
3099,358,Pfizer,2,94.0,88,97.0,81,"≥18 years, Social Vulnerability Index Quartile 3",severe,,149,14
3101,358,Pfizer,2,84.0,79,87.0,81,"≥18 years, Social Vulnerability Index Quartile 4",symptomatic,,149,14
3103,358,Pfizer,2,90.0,83,94.0,81,"≥18 years, Social Vulnerability Index Quartile 4",severe,,149,14
3105,359,Pfizer,2,57.6,51.6,62.8,22,5-11 years,infection,,30,15
3106,359,Pfizer,2,46.9,43.7,49.9,45,5-11 years,infection,,60,31
3107,359,Pfizer,2,41.2,34.3,47.4,75,5-11 years,infection,,90,61
3108,359,Pfizer,2,100.0,100,100.0,22,5-11 years,severe,,30,15
3109,359,Pfizer,2,100.0,100,100.0,45,5-11 years,severe,,60,31
3110,359,Pfizer,2,100.0,100,100.0,75,5-11 years,severe,,90,61
3125,364,AZD1222 (AstraZeneca),2,97.0,75,99.5,45,≥5 years,severe,,60,31
3126,364,AZD1222 (AstraZeneca),2,93.0,69,99.0,105,≥5 years,severe,,120,91
3127,364,AZD1222 (AstraZeneca),2,87.0,80,92.0,45,≥5 years,severe,,60,31
3129,364,AZD1222 (AstraZeneca),2,57.0,-41,87.0,45,≥5 years,severe,,60,31
3130,364,AZD1222 (AstraZeneca),2,12.0,-113,63.0,105,≥5 years,severe,,120,91
3131,364,AZD1222 (AstraZeneca),2,80.0,48,92.0,45,≥5 years,death,,60,31
3132,364,AZD1222 (AstraZeneca),2,92.0,48,99.0,135,≥5 years,death,,150,121
3133,364,BBIBP-CorV (Beijing CNBG),2,78.0,69,84.0,45,≥5 years,severe,,60,31
3135,364,BBIBP-CorV (Beijing CNBG),2,71.0,68,75.0,45,≥5 years,severe,,60,31
3137,364,BBIBP-CorV (Beijing CNBG),2,25.0,-9,48.0,45,≥5 years,severe,,60,31
3139,364,BBIBP-CorV (Beijing CNBG),2,41.0,23,55.0,45,≥5 years,death,,60,31
3141,364,BIV1-CovIran,2,96.0,68,99.4,45,≥5 years,severe,,60,31
3142,364,BIV1-CovIran,2,97.0,76,99.6,75,≥5 years,severe,,90,61
3143,364,BIV1-CovIran,2,82.0,73,88.0,45,≥5 years,severe,,60,31
3144,364,BIV1-CovIran,2,92.0,86,96.0,105,≥5 years,severe,,120,91
3145,364,BIV1-CovIran,2,61.0,-61,91.0,45,≥5 years,severe,,60,31
3146,364,BIV1-CovIran,2,35.0,-116,80.0,105,≥5 years,severe,,120,91
3147,364,BIV1-CovIran,2,88.0,48,97.0,45,≥5 years,death,,60,31
3148,364,BIV1-CovIran,2,93.0,46,99.0,105,≥5 years,death,,120,91
3149,364,Covaxin,2,55.0,-33,85.0,75,≥5 years,severe,,90,61
3151,364,Covaxin,2,4.0,-671,79.0,105,≥5 years,death,,120,91
3152,364,Sputnik V (Gamaleya),2,74.0,-9,94.0,45,≥5 years,severe,,60,31
3154,364,Sputnik V (Gamaleya),2,62.0,32,78.0,45,≥5 years,severe,,60,31
3156,364,Sputnik V (Gamaleya),2,51.0,-258,94.0,105,≥5 years,severe,,120,91
3158,364,Sputnik V (Gamaleya),2,25.0,-149,78.0,45,≥5 years,death,,60,31
3160,365,Moderna,2,58.0,47.5,66.5,14,0-4 years,infection,,28,0
3161,365,Moderna,2,47.6,27.7,62.0,619,0-4 years,infection,,1127,112
3162,365,Pfizer,2,73.3,8.3,92.3,17,5-11 years,severe,,35,0
3163,365,Pfizer,2,2.9,-50.8,37.4,787,5-11 years,severe,,1435,140
3164,365,Pfizer,2,37.5,21.2,50.4,17,0-4 years,infection,,35,0
3165,365,Pfizer,2,46.8,-0.3,71.8,619,0-4 years,infection,,1127,112
3166,365,Pfizer,2,65.3,58.1,71.2,17,5-11 years,infection,,35,0
3167,365,Pfizer,2,4.6,-2.1,10.9,955,5-11 years,infection,,1743,168
3168,365,Pfizer,2,55.7,49.1,61.5,17,0-4 years,infection,,35,0
3169,365,Pfizer,2,58.6,48.3,66.9,619,0-4 years,infection,,1127,112
3170,365,Pfizer,2,59.7,58.3,61.0,17,5-11 years,infection,,35,0
3171,365,Pfizer,2,16.0,13.1,18.7,1389,5-11 years,infection,,2527,252
3175,368,Pfizer,2,80.6,76.9,83.7,43,general pop,symptomatic,,73,14
3176,368,Pfizer,2,43.3,28.8,54.7,334,general pop,symptomatic,,355,314
3177,368,Moderna,2,94.8,88,97.8,10,general pop,symptomatic,,13,7
3178,368,Moderna,2,63.2,53.7,70.7,283,general pop,symptomatic,,313,254
3180,370,Pfizer,2,60.0,47,69.0,51,5-11 years,symptomatic,,89,14
3197,6,Moderna,1,79.0,63,88.0,10,pre-surgical hospital patients,asymptomatic,,10,10
3201,12,Moderna,1,82.0,68,90.0,14,HCW,infection,,14,14
3207,22,Moderna,1,64.0,28,82.0,28,≥ 65 years,severe,,28,28
3209,30,Moderna,1,82.0,74,87.0,21,HCW,symptomatic,,21,21
3219,36,Moderna,1,-1.0,-50,32.0,21,general pop,infection,,21,21
3221,36,Moderna,1,9.0,-114,61.0,21,general pop,severe,,21,21
3223,37,Moderna,1,44.4,30.4,55.6,28,HCW,infection,,28,28
3224,37,Moderna,1,63.0,56.3,68.7,84,HCW,infection,,84,84
3248,51,Moderna,1,75.4,60.4,84.7,28,general pop,severe,,28,28
3252,55,Moderna,1,64.8,10.9,86.1,28,patients with cirrhosis,infection,,28,28
3254,55,Moderna,1,100.0,99.3,100.0,28,patients with cirrhosis,severe,,28,28
3256,55,Moderna,1,100.0,99.3,100.0,28,patients with cirrhosis,death,,28,28
3260,63,Moderna,1,75.0,55,87.0,28,general pop,symptomatic,,28,28
3282,83,Moderna,1,78.0,61,87.0,28,65-79 years,severe,,28,28
3284,83,Moderna,1,77.0,56,88.0,28,65-79 years,death,,28,28
3286,83,Moderna,1,55.0,36,69.0,28,≥ 80 years,severe,,28,28
3288,83,Moderna,1,56.0,35,70.0,28,≥ 80 years,death,,28,28
3311,90,Moderna,2,88.0,84,92.0,20,≥ 50 years,severe,,27,14
3313,90,Moderna,2,92.0,88,95.0,20,≥ 50 years,symptomatic,,27,14
3315,91,Moderna,1,71.0,33,94.0,24,pregnant persons,infection,,27,21
3316,91,Moderna,2,96.0,89,100.0,31,pregnant persons,infection,,56,7
3317,91,Moderna,1,76.0,30,100.0,24,pregnant persons,symptomatic,,27,21
3318,91,Moderna,2,97.0,91,100.0,31,pregnant persons,symptomatic,,56,7
3319,91,Moderna,2,89.0,43,100.0,31,pregnant persons,severe,,56,7
3324,98,Moderna,1,74.0,60,83.0,17,50-69 years,severe,,20,14
3327,99,Moderna,2,96.3,92.5,98.2,21,HCW,symptomatic,,28,15
3328,99,Moderna,2,80.7,61,90.4,91,HCW,symptomatic,,98,85
3329,99,Moderna,1,39.1,-45,74.4,21,immunocompromised HCW,symptomatic,,21,21
3330,99,Moderna,1,77.1,32.2,92.2,21,pregnant HCW,symptomatic,,21,21
3344,134,Moderna,2,79.0,76,83.0,27,65-79 years,symptomatic,,41,14
3346,134,Moderna,2,72.0,61,79.0,27,≥ 80 years,symptomatic,,41,14
3348,134,Moderna,2,95.0,90,97.0,27,65-79 years,severe,,41,14
3350,134,Moderna,2,83.0,68,91.0,27,≥ 80 years,severe,,41,14
3352,134,Moderna,2,95.0,88,98.0,27,65-79 years,death,,41,14
3354,134,Moderna,2,87.0,71,93.0,27,≥ 80 years,death,,41,14
3356,136,Moderna,2,94.5,90.7,96.7,28,males 65+,infection,,43,14
3357,136,Moderna,2,87.9,85.9,89.5,88,males 65+,infection,,103,74
3358,136,Moderna,2,92.1,87.2,95.1,28,males 65+,infection,,43,14
3359,136,Moderna,2,67.3,63.2,70.9,148,males 65+,infection,,163,134
3360,136,Moderna,2,62.0,45.6,73.5,28,males 65+,infection,,43,14
3361,136,Moderna,2,24.8,18.8,30.4,238,males 65+,infection,,253,224
3372,154,Moderna,2,36.0,24,45.0,33,general pop,symptomatic,omicron,59,7
3374,154,Moderna,2,5.0,-25,30.0,33,general pop,infection,omicron,59,7
3376,154,Moderna,2,89.0,86,92.0,33,general pop,symptomatic,,59,7
3378,154,Moderna,2,82.0,81,83.0,33,general pop,infection,,59,7
3386,166,Moderna,2,81.3,80.3,82.3,60,general pop,infection,,60,60
3387,166,Moderna,2,57.8,55.4,60.2,240,general pop,infection,,240,240
3388,166,Moderna,2,96.1,94.5,97.7,60,general pop,severe,,60,60
3389,166,Moderna,2,90.3,86.2,94.4,240,general pop,severe,,240,240
3390,166,Moderna,2,93.4,91.2,95.6,60,general pop,severe,,60,60
3391,166,Moderna,2,83.7,75.1,92.3,240,general pop,severe,,240,240
3392,167,Moderna,2,52.0,46,58.0,96,general pop,symptomatic,,179,14
3394,167,Moderna,2,81.0,65,90.0,96,general pop,severe,,179,14
3396,167,Moderna,2,86.0,85,87.0,96,general pop,symptomatic,,179,14
3398,167,Moderna,2,90.0,89,90.0,96,general pop,severe,,179,14
3434,202,Moderna,2,25.5,-57.5,64.7,48,LTCF residents,infection,,83,14
3437,202,Moderna,2,88.8,16.8,98.5,48,LTCF residents,severe,,83,14
3440,202,Moderna,2,100.0,,,48,LTCF residents,death,,83,14
3443,202,Moderna,2,60.7,44.2,72.4,48,LTCF staff,infection,,83,14
3446,202,Moderna,2,100.0,,,48,LTCF staff,severe,,83,14
3450,211,Moderna,2,92.0,90,94.0,82,general pop,severe,,150,14
3452,213,Moderna,2,26.0,22,30.0,96,general pop,infection,,179,14
3454,213,Moderna,2,70.0,68,72.0,96,general pop,infection,,179,14
3456,218,Moderna,2,84.1,83.2,85.0,38,general pop,infection,,63,14
3457,218,Moderna,2,40.7,23.9,53.8,150,general pop,infection,,175,126
3467,227,Moderna,2,45.0,14,66.0,81,general pop,symptomatic,omicron,149,14
3469,227,Moderna,2,89.0,78,94.0,81,general pop,symptomatic,delta,149,14
3477,233,Moderna,2,98.0,95,99.0,31,general pop,severe,,55,7
3479,236,Moderna,2,39.8,38.4,41.2,22,12-59 years,infection,,30,14
3481,236,Moderna,2,62.4,46.3,73.6,22,12-59 years,severe,,30,14
3483,236,Moderna,2,92.2,91.8,92.6,22,12-59 years,infection,,30,14
3485,236,Moderna,2,99.1,98,99.6,22,12-59 years,severe,,30,14
3487,236,Moderna,2,39.9,26.4,50.9,22,≥ 60 years,infection,,30,14
3489,236,Moderna,2,82.2,75.3,87.1,22,≥ 60 years,infection,,30,14
3491,236,Moderna,2,97.7,95.2,98.9,45,≥ 60 years,severe,,60,31
3493,236,Moderna,2,91.0,88.5,92.9,22,≥ 60 years,infection,,30,14
3495,236,Moderna,2,96.4,92.6,98.3,22,≥ 60 years,severe,,30,14
3497,237,Moderna,2,28.5,20,36.2,77,general pop,infection,omicron,140,14
3499,237,Moderna,2,36.1,7.1,56.1,77,general pop,infection,omicron,140,14
3501,237,Moderna,2,30.7,20.6,39.6,77,general pop,infection,omicron,140,14
3503,237,Moderna,2,14.3,-43.1,48.7,77,general pop,infection,omicron,140,14
3515,243,Moderna,2,43.0,41,45.0,15,general pop,symptomatic,omicron,30,0
3517,243,Moderna,2,59.0,49,70.0,15,general pop,severe,omicron,30,0
3519,243,Moderna,2,70.0,40,97.0,15,general pop,severe,omicron,30,0
3521,243,Moderna,2,60.0,24,92.0,15,general pop,death,omicron,30,0
3523,243,Moderna,2,78.0,77,80.0,15,general pop,symptomatic,delta,30,0
3525,243,Moderna,2,91.0,87,95.0,15,general pop,severe,delta,30,0
3527,243,Moderna,2,93.0,86,99.0,15,general pop,severe,delta,30,0
3529,243,Moderna,2,90.0,79,100.0,15,general pop,death,delta,30,0
3538,256,Moderna,2,90.0,88,91.0,96,general pop,severe,,179,14
3541,256,Moderna,2,65.0,57,72.0,96,immunocompromised adults,severe,,179,14
3543,256,Moderna,2,90.0,88,91.0,96,hospitalized adults,severe,,179,14
3545,257,Moderna,2,70.9,69.3,72.4,42,general pop,infection,,44,40
3569,284,Moderna,2,47.0,44,50.0,77,general pop,symptomatic,,140,14
3571,284,Moderna,2,68.0,63,73.0,77,general pop,severe,,140,14
3573,284,Moderna,2,59.0,40,71.0,77,general pop,symptomatic,,140,14
3575,284,Moderna,2,57.0,19,77.0,77,general pop,severe,,140,14
3587,292,Moderna,2,55.0,34,69.0,51,general pop,symptomatic,,89,14
3589,292,Moderna,2,88.0,80,92.0,51,general pop,symptomatic,,89,14
3590,292,Moderna,2,86.0,35,97.0,134,general pop,symptomatic,,179,90
3597,307,Moderna,2,84.4,75.5,90.0,51,general pop,infection,,89,14
3598,307,Moderna,2,96.5,75.1,99.5,119,general pop,infection,,149,90
3599,307,Moderna,2,86.6,75.5,92.7,51,general pop,symptomatic,,89,14
3600,307,Moderna,2,93.8,55,99.1,119,general pop,symptomatic,,149,90
3601,307,Moderna,2,85.5,65.5,93.9,51,general pop,severe,,89,14
3602,307,Moderna,2,82.2,-34.5,97.7,119,general pop,severe,,149,90
3603,307,Moderna,2,68.9,58,77.1,51,general pop,infection,,89,14
3605,307,Moderna,2,74.8,62.9,82.9,51,general pop,symptomatic,,89,14
3607,307,Moderna,2,85.4,60.2,94.6,51,general pop,severe,,89,14
3612,318,Moderna,2,89.0,88,90.0,33,general pop,infection,,59,7
3613,318,Moderna,2,80.0,75,85.0,89,general pop,infection,,119,60
3614,318,Moderna,2,94.0,91,96.0,33,general pop,symptomatic,,59,7
3615,318,Moderna,2,93.0,79,98.0,89,general pop,symptomatic,,119,60
3616,318,Moderna,2,95.0,90,97.0,33,general pop,severe,,59,7
3617,318,Moderna,2,92.0,91,93.0,33,general pop,infection,,59,7
3618,318,Moderna,2,82.0,79,85.0,149,general pop,infection,,179,120
3619,318,Moderna,2,92.0,91,94.0,33,general pop,symptomatic,,59,7
3620,318,Moderna,2,86.0,78,91.0,149,general pop,symptomatic,,179,120
3621,318,Moderna,2,94.0,92,95.0,33,general pop,severe,,59,7
3622,318,Moderna,2,97.0,95,98.0,149,general pop,severe,,179,120
3623,318,Moderna,2,90.0,90,90.0,33,general pop,infection,,59,7
3625,318,Moderna,2,94.0,94,95.0,33,general pop,symptomatic,,59,7
3627,318,Moderna,2,98.0,98,99.0,33,general pop,severe,,59,7
3630,322,Moderna,2,3.0,-49,37.0,81,pregnant persons,symptomatic,,149,14
3633,322,Moderna,2,86.0,41,97.0,81,pregnant persons,severe,,149,14
3636,322,Moderna,2,84.0,69,92.0,81,pregnant persons,symptomatic,,149,14
3639,322,Moderna,2,99.0,96,100.0,81,pregnant persons,severe,,149,14
3642,323,Moderna,2,22.0,5,36.0,300,general pop,symptomatic,,300,300
3648,323,Moderna,2,66.0,60,72.0,90,general pop,symptomatic,,90,90
3650,323,Moderna,2,68.0,59,75.0,90,general pop,severe,,90,90
3652,323,Moderna,2,86.0,78,91.0,90,general pop,symptomatic,,90,90
3654,323,Moderna,2,87.0,77,93.0,90,general pop,severe,,90,90
3659,329,Moderna,2,36.0,24,45.0,33,general pop,symptomatic,omicron,59,7
3661,329,Moderna,2,75.0,51,87.0,149,general pop,severe,omicron,179,120
3662,329,Moderna,2,82.0,62,91.0,209,general pop,severe,omicron,239,180
3663,329,Moderna,2,89.0,86,92.0,33,general pop,symptomatic,delta,59,7
3665,329,Moderna,2,94.0,84,98.0,33,general pop,severe,delta,59,7
3667,331,Moderna,2,15.8,7.9,23.1,28,16-64 years,infection,omicron,28,28
3668,331,Moderna,2,21.2,11,30.3,28,16-64 years,symptomatic,omicron,28,28
3669,331,Moderna,2,82.9,69.4,90.4,28,16-64 years,infection,delta,28,28
3670,331,Moderna,2,95.7,82.5,98.9,28,16-64 years,symptomatic,delta,28,28
3696,338,Moderna,2,63.0,46,75.0,82,general pop,severe,,150,14
3698,338,Moderna,2,83.0,35,96.0,82,general pop,severe,,150,14
3704,343,Moderna,2,83.0,76,88.0,269,50-59 years,severe,omicron BA.1/BA.2,299,240
3709,343,Moderna,2,87.0,43,97.0,269,50-59 years,severe,omicron BA.4/BA.5,299,240
3734,349,Moderna,2,55.8,52.4,59.0,22,12-17 years,infection,,30,15
3739,349,Moderna,2,74.8,71.3,77.9,22,12-17 years,infection,,30,15
3744,354,Moderna,2,86.0,78,91.0,48,≥60 years,severe,,90,7
3745,354,Moderna,2,68.0,37,84.0,314,≥60 years,severe,,359,270
3747,354,Moderna,2,66.0,28,84.0,48,≥60 years,severe,,90,7
3748,354,Moderna,2,73.0,-13,94.0,404,≥60 years,severe,,449,360
3750,354,Moderna,2,55.0,-95,89.0,48,≥60 years,severe,,90,7
3751,354,Moderna,2,47.0,35,57.0,404,≥60 years,severe,,449,360
3759,358,Moderna,2,47.0,40,53.0,81,"≥18 years, Social Vulnerability Index Quartile 1",symptomatic,,149,14
3761,358,Moderna,2,59.0,39,72.0,81,"≥18 years, Social Vulnerability Index Quartile 1",severe,,149,14
3763,358,Moderna,2,42.0,33,49.0,81,"≥18 years, Social Vulnerability Index Quartile 2",symptomatic,,149,14
3765,358,Moderna,2,65.0,48,76.0,81,"≥18 years, Social Vulnerability Index Quartile 2",severe,,149,14
3767,358,Moderna,2,54.0,47,61.0,81,"≥18 years, Social Vulnerability Index Quartile 3",symptomatic,,149,14
3769,358,Moderna,2,62.0,45,74.0,81,"≥18 years, Social Vulnerability Index Quartile 3",severe,,149,14
3771,358,Moderna,2,51.0,43,58.0,81,"≥18 years, Social Vulnerability Index Quartile 4",symptomatic,,149,14
3773,358,Moderna,2,63.0,43,75.0,81,"≥18 years, Social Vulnerability Index Quartile 4",severe,,149,14
3775,358,Moderna,2,87.0,84,89.0,81,"≥18 years, Social Vulnerability Index Quartile 1",symptomatic,,149,14
3777,358,Moderna,2,90.0,84,94.0,81,"≥18 years, Social Vulnerability Index Quartile 1",severe,,149,14
3779,358,Moderna,2,85.0,81,88.0,81,"≥18 years, Social Vulnerability Index Quartile 2",symptomatic,,149,14
3781,358,Moderna,2,91.0,85,95.0,81,"≥18 years, Social Vulnerability Index Quartile 2",severe,,149,14
3783,358,Moderna,2,89.0,85,91.0,81,"≥18 years, Social Vulnerability Index Quartile 3",symptomatic,,149,14
3785,358,Moderna,2,94.0,88,97.0,81,"≥18 years, Social Vulnerability Index Quartile 3",severe,,149,14
3787,358,Moderna,2,84.0,79,87.0,81,"≥18 years, Social Vulnerability Index Quartile 4",symptomatic,,149,14
3789,358,Moderna,2,90.0,83,94.0,81,"≥18 years, Social Vulnerability Index Quartile 4",severe,,149,14
3800,365,Moderna,2,73.3,8.3,92.3,17,5-11 years,severe,,35,0
3801,365,Moderna,2,2.9,-50.8,37.4,787,5-11 years,severe,,1435,140
3802,365,Moderna,2,37.5,21.2,50.4,17,0-4 years,infection,,35,0
3803,365,Moderna,2,46.8,-0.3,71.8,619,0-4 years,infection,,1127,112
3804,365,Moderna,2,65.3,58.1,71.2,17,5-11 years,infection,,35,0
3805,365,Moderna,2,4.6,-2.1,10.9,955,5-11 years,infection,,1743,168
3806,365,Moderna,2,55.7,49.1,61.5,17,0-4 years,infection,,35,0
3807,365,Moderna,2,58.6,48.3,66.9,619,0-4 years,infection,,1127,112
3808,365,Moderna,2,59.7,58.3,61.0,17,5-11 years,infection,,35,0
3809,365,Moderna,2,16.0,13.1,18.7,1389,5-11 years,infection,,2527,252
3816,308,AstraZeneca,2,79.9,74,84.5,22,general pop,infection,,29,15
